,Date,Temp,UV,SunShineHour,GlobalRad,date,HaveEmpty,degree,station
1551,,24.4,6.2,3.0,13.78,2021-04-01,False,2238.0,大潭電廠GIS廠房光電
1552,,24.2,6.66,4.8,16.73,2021-04-02,False,2731.0,大潭電廠GIS廠房光電
1553,,22.9,7.46,6.4,18.58,2021-04-03,False,2326.0,大潭電廠GIS廠房光電
1554,,18.9,4.56,0.4,7.65,2021-04-04,False,1210.0,大潭電廠GIS廠房光電
1555,,16.9,8.84,10.7,22.29,2021-04-05,False,3720.0,大潭電廠GIS廠房光電
1556,,18.3,10.23,8.4,21.75,2021-04-06,False,3673.0,大潭電廠GIS廠房光電
1557,,19.8,10.71,7.8,22.33,2021-04-07,False,3616.0,大潭電廠GIS廠房光電
1558,,18.3,2.3,0.0,3.78,2021-04-08,False,668.0,大潭電廠GIS廠房光電
1559,,16.5,0.97,0.0,2.42,2021-04-09,False,365.0,大潭電廠GIS廠房光電
1560,,18.3,1.59,0.0,2.76,2021-04-10,False,428.0,大潭電廠GIS廠房光電
1561,,21.7,9.69,6.4,20.38,2021-04-11,False,3333.0,大潭電廠GIS廠房光電
1562,,22.3,9.51,6.1,19.03,2021-04-12,False,3239.0,大潭電廠GIS廠房光電
1563,,22.0,10.21,6.4,18.84,2021-04-13,False,3122.0,大潭電廠GIS廠房光電
1564,,18.6,1.53,0.0,2.9,2021-04-14,False,506.0,大潭電廠GIS廠房光電
1565,,19.1,2.51,0.0,4.09,2021-04-15,False,656.0,大潭電廠GIS廠房光電
1566,,20.2,4.91,0.5,9.69,2021-04-16,False,1550.0,大潭電廠GIS廠房光電
1567,,21.4,10.93,8.6,22.16,2021-04-17,False,3789.0,大潭電廠GIS廠房光電
1568,,20.7,7.23,2.4,16.0,2021-04-18,False,2672.0,大潭電廠GIS廠房光電
1569,,21.4,9.45,2.8,15.64,2021-04-19,False,2633.0,大潭電廠GIS廠房光電
1570,,24.0,11.16,10.6,24.66,2021-04-20,False,3961.0,大潭電廠GIS廠房光電
1571,,24.4,11.68,11.9,25.65,2021-04-21,False,4121.0,大潭電廠GIS廠房光電
1572,,24.6,11.42,10.3,24.61,2021-04-22,False,3899.0,大潭電廠GIS廠房光電
1573,,22.9,7.44,3.0,12.41,2021-04-23,False,2224.0,大潭電廠GIS廠房光電
1574,,22.9,8.86,3.7,16.41,2021-04-24,False,2924.0,大潭電廠GIS廠房光電
1575,,22.9,4.01,0.0,6.24,2021-04-25,False,1071.0,大潭電廠GIS廠房光電
1576,,24.4,11.63,8.3,25.14,2021-04-26,False,4084.0,大潭電廠GIS廠房光電
1577,,22.8,7.03,0.7,10.27,2021-04-27,False,1698.0,大潭電廠GIS廠房光電
1578,,21.1,3.03,0.0,4.22,2021-04-28,False,573.0,大潭電廠GIS廠房光電
1579,,19.9,5.31,0.1,7.88,2021-04-29,False,1432.0,大潭電廠GIS廠房光電
1580,,21.5,11.58,9.4,26.61,2021-04-30,False,3998.0,大潭電廠GIS廠房光電
1581,,23.6,8.74,6.6,19.41,2021-05-01,False,3203.0,大潭電廠GIS廠房光電
1582,,24.4,10.09,8.8,22.64,2021-05-02,False,3710.0,大潭電廠GIS廠房光電
1583,,24.5,6.5,1.1,12.27,2021-05-03,False,2012.0,大潭電廠GIS廠房光電
1584,,25.6,11.13,4.0,19.56,2021-05-04,False,3047.0,大潭電廠GIS廠房光電
1585,,22.3,3.21,0.7,6.32,2021-05-05,False,1035.0,大潭電廠GIS廠房光電
1586,,22.9,9.86,5.2,18.9,2021-05-06,False,2586.0,大潭電廠GIS廠房光電
1587,,25.1,12.48,10.4,24.83,2021-05-07,False,3827.0,大潭電廠GIS廠房光電
1588,,25.1,9.39,2.2,14.16,2021-05-08,False,2250.0,大潭電廠GIS廠房光電
1589,,25.6,11.56,3.5,19.16,2021-05-09,False,3173.0,大潭電廠GIS廠房光電
1590,,26.3,10.14,10.5,23.99,2021-05-10,False,3780.0,大潭電廠GIS廠房光電
1591,,27.1,12.03,9.1,24.49,2021-05-11,False,3879.0,大潭電廠GIS廠房光電
1592,,27.7,12.63,10.4,26.16,2021-05-12,False,3964.0,大潭電廠GIS廠房光電
1593,,27.9,12.11,11.0,26.07,2021-05-13,False,3359.0,大潭電廠GIS廠房光電
1594,,27.7,11.81,10.9,24.61,2021-05-14,False,2089.0,大潭電廠GIS廠房光電
1595,,27.8,12.29,6.8,23.28,2021-05-15,False,3504.0,大潭電廠GIS廠房光電
1596,,28.3,13.02,11.1,27.5,2021-05-16,False,4001.0,大潭電廠GIS廠房光電
1597,,28.3,11.69,9.7,24.98,2021-05-17,False,3693.0,大潭電廠GIS廠房光電
1598,,27.8,10.8,3.7,20.35,2021-05-18,False,3144.0,大潭電廠GIS廠房光電
1599,,27.9,10.62,4.1,19.36,2021-05-19,False,2979.0,大潭電廠GIS廠房光電
1600,,28.6,10.34,4.3,19.2,2021-05-20,False,2883.0,大潭電廠GIS廠房光電
1601,,28.7,10.04,8.1,22.66,2021-05-21,False,3259.0,大潭電廠GIS廠房光電
1602,,27.8,10.5,4.7,19.0,2021-05-22,False,2783.0,大潭電廠GIS廠房光電
1603,,28.0,11.51,8.3,23.91,2021-05-23,False,3342.0,大潭電廠GIS廠房光電
1604,,28.0,12.59,8.8,26.36,2021-05-24,False,3870.0,大潭電廠GIS廠房光電
1605,,26.4,12.06,7.1,21.86,2021-05-25,False,3510.0,大潭電廠GIS廠房光電
1606,,27.7,12.59,10.1,26.23,2021-05-26,False,3838.0,大潭電廠GIS廠房光電
1607,,29.3,12.35,9.5,25.49,2021-05-27,False,3635.0,大潭電廠GIS廠房光電
1608,,28.3,11.74,6.2,21.26,2021-05-28,False,3073.0,大潭電廠GIS廠房光電
1609,,26.4,6.43,0.2,6.94,2021-05-29,False,1112.0,大潭電廠GIS廠房光電
1610,,25.5,5.9,0.4,5.8,2021-05-30,False,836.0,大潭電廠GIS廠房光電
1611,,24.3,4.06,0.0,4.63,2021-05-31,False,663.0,大潭電廠GIS廠房光電
1612,,26.4,10.0,2.5,16.28,2021-06-01,False,2186.0,大潭電廠GIS廠房光電
1613,,28.0,13.62,8.1,24.33,2021-06-02,False,3612.0,大潭電廠GIS廠房光電
1614,,28.4,13.29,10.3,26.39,2021-06-03,False,3907.0,大潭電廠GIS廠房光電
1615,,27.8,12.14,2.6,16.85,2021-06-04,False,2702.0,大潭電廠GIS廠房光電
1616,,24.9,3.46,0.0,4.19,2021-06-05,False,533.0,大潭電廠GIS廠房光電
1617,,23.4,2.09,0.0,3.47,2021-06-06,False,510.0,大潭電廠GIS廠房光電
1618,,25.7,11.07,7.4,20.8,2021-06-07,False,3024.0,大潭電廠GIS廠房光電
1619,,27.5,12.33,10.9,27.72,2021-06-08,False,4091.0,大潭電廠GIS廠房光電
1620,,27.9,12.9,8.0,25.46,2021-06-09,False,3745.0,大潭電廠GIS廠房光電
1621,,27.9,13.66,10.4,26.35,2021-06-10,False,3727.0,大潭電廠GIS廠房光電
1622,,28.6,13.5,11.9,28.53,2021-06-11,False,4183.0,大潭電廠GIS廠房光電
1623,,28.0,12.81,11.3,27.51,2021-06-12,False,3960.0,大潭電廠GIS廠房光電
1624,,28.5,13.68,11.1,26.65,2021-06-13,False,3826.0,大潭電廠GIS廠房光電
1625,,29.0,12.8,9.2,25.76,2021-06-14,False,3739.0,大潭電廠GIS廠房光電
1626,,29.2,13.47,11.8,27.67,2021-06-15,False,4045.0,大潭電廠GIS廠房光電
1627,,29.8,13.67,12.5,28.92,2021-06-16,False,4141.0,大潭電廠GIS廠房光電
1628,,29.6,13.34,12.1,27.52,2021-06-17,False,3908.0,大潭電廠GIS廠房光電
1629,,29.8,12.88,12.2,27.89,2021-06-18,False,4083.0,大潭電廠GIS廠房光電
1630,,30.0,12.58,11.9,27.44,2021-06-19,False,4041.0,大潭電廠GIS廠房光電
1631,,30.1,11.93,8.6,23.84,2021-06-20,False,3547.0,大潭電廠GIS廠房光電
1632,,28.6,9.97,3.9,16.71,2021-06-21,False,2482.0,大潭電廠GIS廠房光電
1633,,26.2,3.8,0.1,5.72,2021-06-22,False,865.0,大潭電廠GIS廠房光電
1634,,25.2,4.33,0.0,7.45,2021-06-23,False,1252.0,大潭電廠GIS廠房光電
1635,,25.9,5.76,0.5,8.92,2021-06-24,False,1450.0,大潭電廠GIS廠房光電
1636,,26.0,10.1,1.8,13.56,2021-06-25,False,2190.0,大潭電廠GIS廠房光電
1637,,27.9,13.21,11.0,26.58,2021-06-26,False,4016.0,大潭電廠GIS廠房光電
1638,,29.1,13.08,11.1,26.97,2021-06-27,False,4078.0,大潭電廠GIS廠房光電
1639,,28.6,13.39,4.8,20.82,2021-06-28,False,3276.0,大潭電廠GIS廠房光電
1640,,28.7,9.47,4.9,19.88,2021-06-29,False,2767.0,大潭電廠GIS廠房光電
1641,,28.8,13.15,9.7,26.21,2021-06-30,False,2599.0,大潭電廠GIS廠房光電
1642,,28.8,13.6,10.0,28.28,2021-07-01,False,4332.0,大潭電廠GIS廠房光電
1643,,28.6,13.15,12.4,28.09,2021-07-02,False,4168.0,大潭電廠GIS廠房光電
1644,,28.4,13.32,12.8,28.09,2021-07-03,False,4132.0,大潭電廠GIS廠房光電
1645,,28.6,11.38,5.6,21.36,2021-07-04,False,3261.0,大潭電廠GIS廠房光電
1646,,28.7,13.93,12.9,28.56,2021-07-05,False,4152.0,大潭電廠GIS廠房光電
1647,,28.3,13.25,4.6,18.58,2021-07-06,False,2891.0,大潭電廠GIS廠房光電
1648,,28.9,13.14,8.8,26.21,2021-07-07,False,3901.0,大潭電廠GIS廠房光電
1649,,28.9,13.16,11.3,27.34,2021-07-08,False,4055.0,大潭電廠GIS廠房光電
1650,,29.0,13.32,12.4,28.71,2021-07-09,False,4102.0,大潭電廠GIS廠房光電
1651,,29.3,12.4,9.1,25.28,2021-07-10,False,3793.0,大潭電廠GIS廠房光電
1652,,29.1,12.3,8.7,24.04,2021-07-11,False,3618.0,大潭電廠GIS廠房光電
1653,,28.9,12.52,7.2,23.35,2021-07-12,False,3599.0,大潭電廠GIS廠房光電
1654,,29.0,12.4,6.3,23.25,2021-07-13,False,3442.0,大潭電廠GIS廠房光電
1655,,29.5,12.28,10.7,26.09,2021-07-14,False,3725.0,大潭電廠GIS廠房光電
1656,,29.8,10.57,10.3,24.1,2021-07-15,False,3534.0,大潭電廠GIS廠房光電
1657,,29.1,11.05,8.1,23.22,2021-07-16,False,3476.0,大潭電廠GIS廠房光電
1658,,29.5,10.79,9.0,22.38,2021-07-17,False,3069.0,大潭電廠GIS廠房光電
1659,,29.5,11.14,7.3,23.05,2021-07-18,False,3566.0,大潭電廠GIS廠房光電
1660,,30.4,10.69,10.5,24.86,2021-07-19,False,3878.0,大潭電廠GIS廠房光電
1661,,29.9,11.34,12.2,24.95,2021-07-20,False,3872.0,大潭電廠GIS廠房光電
1662,,28.9,12.55,7.4,24.37,2021-07-21,False,3736.0,大潭電廠GIS廠房光電
1663,,27.9,11.55,2.8,16.42,2021-07-22,False,2644.0,大潭電廠GIS廠房光電
1664,,28.7,12.36,5.9,22.39,2021-07-23,False,3616.0,大潭電廠GIS廠房光電
1665,,27.7,6.01,1.0,8.67,2021-07-24,False,1423.0,大潭電廠GIS廠房光電
1666,,29.2,12.9,10.2,26.03,2021-07-25,False,4033.0,大潭電廠GIS廠房光電
1667,,29.7,12.12,12.4,26.98,2021-07-26,False,4096.0,大潭電廠GIS廠房光電
1668,,29.9,12.5,12.4,27.66,2021-07-27,False,3992.0,大潭電廠GIS廠房光電
1669,,30.6,11.45,10.3,27.15,2021-07-28,False,4078.0,大潭電廠GIS廠房光電
1670,,29.7,11.34,10.5,26.51,2021-07-29,False,3958.0,大潭電廠GIS廠房光電
1671,,29.6,12.44,9.0,23.26,2021-07-30,False,3473.0,大潭電廠GIS廠房光電
1672,,28.7,9.7,2.8,18.61,2021-07-31,False,2924.0,大潭電廠GIS廠房光電
1673,,28.3,6.16,0.6,9.35,2021-08-01,False,1560.0,大潭電廠GIS廠房光電
1674,,27.4,9.11,1.4,13.1,2021-08-02,False,2270.0,大潭電廠GIS廠房光電
1675,,28.0,9.69,2.7,17.43,2021-08-03,False,2695.0,大潭電廠GIS廠房光電
1676,,28.4,12.89,5.7,20.22,2021-08-04,False,3144.0,大潭電廠GIS廠房光電
1677,,27.1,5.48,0.7,9.26,2021-08-05,False,1535.0,大潭電廠GIS廠房光電
1678,,25.9,1.23,0.0,1.65,2021-08-06,False,244.0,大潭電廠GIS廠房光電
1679,,24.9,2.49,0.0,2.94,2021-08-07,False,494.0,大潭電廠GIS廠房光電
1680,,28.2,13.0,11.9,27.34,2021-08-08,False,4047.0,大潭電廠GIS廠房光電
1681,,28.8,12.52,10.5,26.15,2021-08-09,False,4064.0,大潭電廠GIS廠房光電
1682,,28.7,12.4,8.7,23.16,2021-08-10,False,3645.0,大潭電廠GIS廠房光電
1683,,28.3,11.13,9.7,23.75,2021-08-11,False,3679.0,大潭電廠GIS廠房光電
1684,,28.6,13.28,9.8,24.62,2021-08-12,False,3690.0,大潭電廠GIS廠房光電
1685,,28.7,10.65,9.2,20.63,2021-08-13,False,3195.0,大潭電廠GIS廠房光電
1686,,28.6,12.76,10.0,24.6,2021-08-14,False,3765.0,大潭電廠GIS廠房光電
1687,,28.8,13.38,10.4,24.25,2021-08-15,False,3696.0,大潭電廠GIS廠房光電
1688,,28.8,13.54,11.1,26.11,2021-08-16,False,3988.0,大潭電廠GIS廠房光電
1689,,28.8,13.81,9.5,25.09,2021-08-17,False,3822.0,大潭電廠GIS廠房光電
1690,,28.1,7.18,1.0,13.67,2021-08-18,False,2162.0,大潭電廠GIS廠房光電
1691,,27.9,11.42,7.7,22.31,2021-08-19,False,3338.0,大潭電廠GIS廠房光電
1692,,28.2,12.28,11.6,24.73,2021-08-20,False,3751.0,大潭電廠GIS廠房光電
1693,,28.5,12.59,10.5,23.25,2021-08-21,False,3661.0,大潭電廠GIS廠房光電
1694,,28.5,12.23,11.3,25.76,2021-08-22,False,3915.0,大潭電廠GIS廠房光電
1695,,29.2,12.41,10.5,25.39,2021-08-23,False,3882.0,大潭電廠GIS廠房光電
1696,,28.8,11.09,10.6,24.02,2021-08-24,False,3665.0,大潭電廠GIS廠房光電
1697,,28.8,12.38,10.0,24.21,2021-08-25,False,2913.0,大潭電廠GIS廠房光電
1698,,28.9,10.37,9.3,22.08,2021-08-26,False,3522.0,大潭電廠GIS廠房光電
1699,,28.7,11.91,11.6,25.23,2021-08-27,False,785.0,大潭電廠GIS廠房光電
1700,,29.1,11.8,10.5,24.26,2021-08-28,False,4010.0,大潭電廠GIS廠房光電
1701,,29.2,11.02,9.5,23.97,2021-08-29,False,3215.0,大潭電廠GIS廠房光電
1702,,29.0,10.08,6.0,17.59,2021-08-30,False,2392.0,大潭電廠GIS廠房光電
1703,,29.2,10.74,8.0,20.02,2021-08-31,False,3011.0,大潭電廠GIS廠房光電
1704,,28.9,11.09,9.9,23.98,2021-09-01,False,3675.0,大潭電廠GIS廠房光電
1705,,29.2,11.44,8.9,23.1,2021-09-02,False,3596.0,大潭電廠GIS廠房光電
1706,,29.0,12.08,10.5,25.33,2021-09-03,False,3527.0,大潭電廠GIS廠房光電
1707,,28.7,11.04,7.1,21.48,2021-09-04,False,3358.0,大潭電廠GIS廠房光電
1708,,28.8,8.17,7.5,18.46,2021-09-05,False,3067.0,大潭電廠GIS廠房光電
1709,,29.3,11.99,11.0,23.47,2021-09-06,False,3761.0,大潭電廠GIS廠房光電
1710,,29.3,12.04,10.6,23.84,2021-09-07,False,3325.0,大潭電廠GIS廠房光電
1711,,29.5,11.42,8.3,19.42,2021-09-08,False,3520.0,大潭電廠GIS廠房光電
1712,,29.8,10.92,9.7,20.95,2021-09-09,False,3398.0,大潭電廠GIS廠房光電
1713,,30.3,10.89,10.4,23.69,2021-09-10,False,3395.0,大潭電廠GIS廠房光電
1714,,30.5,9.42,8.6,18.74,2021-09-11,False,2946.0,大潭電廠GIS廠房光電
1715,,27.5,6.9,0.3,8.81,2021-09-12,False,1467.0,大潭電廠GIS廠房光電
1716,,29.7,11.32,10.9,23.21,2021-09-13,False,3761.0,大潭電廠GIS廠房光電
1717,,29.8,10.7,11.4,23.13,2021-09-14,False,3698.0,大潭電廠GIS廠房光電
1718,,29.0,10.18,10.7,22.22,2021-09-15,False,3537.0,大潭電廠GIS廠房光電
1719,,28.6,10.43,8.3,20.97,2021-09-16,False,3327.0,大潭電廠GIS廠房光電
1720,,28.9,10.1,8.9,21.89,2021-09-17,False,3578.0,大潭電廠GIS廠房光電
1721,,28.9,9.03,8.7,21.41,2021-09-18,False,3450.0,大潭電廠GIS廠房光電
1722,,28.6,11.31,11.3,23.59,2021-09-19,False,3741.0,大潭電廠GIS廠房光電
1723,,29.1,11.76,9.6,22.78,2021-09-20,False,3696.0,大潭電廠GIS廠房光電
1724,,29.3,10.79,8.6,20.96,2021-09-21,False,3393.0,大潭電廠GIS廠房光電
1725,,29.0,11.1,10.6,23.27,2021-09-22,False,3789.0,大潭電廠GIS廠房光電
1726,,29.6,9.61,10.2,21.4,2021-09-23,False,3563.0,大潭電廠GIS廠房光電
1727,,29.5,10.13,11.0,22.06,2021-09-24,False,3777.0,大潭電廠GIS廠房光電
1728,,28.8,9.01,10.6,21.44,2021-09-25,False,3691.0,大潭電廠GIS廠房光電
1729,,28.1,9.78,11.1,22.83,2021-09-26,False,3812.0,大潭電廠GIS廠房光電
1730,,28.1,9.86,9.6,21.36,2021-09-27,False,3609.0,大潭電廠GIS廠房光電
1731,,27.8,9.96,11.3,22.57,2021-09-28,False,3760.0,大潭電廠GIS廠房光電
1732,,27.1,9.83,11.2,22.99,2021-09-29,False,3723.0,大潭電廠GIS廠房光電
1733,,27.6,9.98,10.8,21.7,2021-09-30,False,3649.0,大潭電廠GIS廠房光電
1734,,28.0,8.93,6.8,19.28,2021-10-01,False,3171.0,大潭電廠GIS廠房光電
1735,,27.9,9.28,10.4,20.76,2021-10-02,False,3474.0,大潭電廠GIS廠房光電
1736,,29.5,9.35,11.2,22.49,2021-10-03,False,3681.0,大潭電廠GIS廠房光電
1737,,29.8,8.87,11.2,21.8,2021-10-04,False,3547.0,大潭電廠GIS廠房光電
1738,,29.8,9.21,11.2,22.5,2021-10-05,False,3715.0,大潭電廠GIS廠房光電
1739,,30.2,9.44,11.1,22.04,2021-10-06,False,3652.0,大潭電廠GIS廠房光電
1740,,29.6,7.58,7.3,17.89,2021-10-07,False,2983.0,大潭電廠GIS廠房光電
1741,,29.8,9.06,7.8,18.43,2021-10-08,False,3023.0,大潭電廠GIS廠房光電
1742,,29.8,10.14,10.9,21.54,2021-10-09,False,3458.0,大潭電廠GIS廠房光電
1743,,29.5,9.88,11.3,21.79,2021-10-10,False,3642.0,大潭電廠GIS廠房光電
1744,,26.6,3.65,0.3,5.86,2021-10-11,False,1061.0,大潭電廠GIS廠房光電
1745,,28.7,7.37,4.3,10.72,2021-10-12,False,1873.0,大潭電廠GIS廠房光電
1746,,27.9,6.46,1.6,9.33,2021-10-13,False,1601.0,大潭電廠GIS廠房光電
1747,,27.8,5.78,0.3,10.98,2021-10-14,False,1870.0,大潭電廠GIS廠房光電
1748,,28.5,9.14,9.1,19.35,2021-10-15,False,3653.0,大潭電廠GIS廠房光電
1749,,26.8,8.9,9.2,20.42,2021-10-16,False,3640.0,大潭電廠GIS廠房光電
1750,,22.3,3.53,1.2,8.11,2021-10-17,False,1415.0,大潭電廠GIS廠房光電
1751,,22.8,7.23,3.9,14.57,2021-10-18,False,2411.0,大潭電廠GIS廠房光電
1752,,23.9,8.9,6.4,17.31,2021-10-19,False,2955.0,大潭電廠GIS廠房光電
1753,,23.8,7.69,2.8,13.81,2021-10-20,False,2296.0,大潭電廠GIS廠房光電
1754,,21.5,1.31,0.0,2.1,2021-10-21,False,296.0,大潭電廠GIS廠房光電
1755,,19.6,1.44,0.0,2.29,2021-10-22,False,350.0,大潭電廠GIS廠房光電
1756,,19.9,3.81,0.0,4.01,2021-10-23,False,645.0,大潭電廠GIS廠房光電
1757,,20.4,1.63,0.0,2.84,2021-10-24,False,420.0,大潭電廠GIS廠房光電
1758,,21.9,3.58,0.1,4.54,2021-10-25,False,740.0,大潭電廠GIS廠房光電
1759,,24.1,7.84,7.2,17.16,2021-10-26,False,3050.0,大潭電廠GIS廠房光電
1760,,23.8,8.14,8.9,17.74,2021-10-27,False,3348.0,大潭電廠GIS廠房光電
1761,,23.0,7.63,10.0,18.6,2021-10-28,False,3434.0,大潭電廠GIS廠房光電
1762,,22.6,8.02,6.2,16.19,2021-10-29,False,2920.0,大潭電廠GIS廠房光電
1763,,22.6,4.04,0.0,6.13,2021-10-30,False,1087.0,大潭電廠GIS廠房光電
1764,,23.6,6.69,3.4,12.64,2021-10-31,False,2240.0,大潭電廠GIS廠房光電
1765,,23.4,6.46,0.6,9.89,2021-11-01,False,1592.0,大潭電廠GIS廠房光電
1766,,23.2,4.81,0.0,7.09,2021-11-02,False,1124.0,大潭電廠GIS廠房光電
1767,,23.6,7.04,2.2,12.82,2021-11-03,False,2190.0,大潭電廠GIS廠房光電
1768,,23.8,5.59,1.1,10.52,2021-11-04,False,1816.0,大潭電廠GIS廠房光電
1769,,23.0,6.09,5.7,13.23,2021-11-05,False,2391.0,大潭電廠GIS廠房光電
1770,,24.3,7.11,4.8,13.3,2021-11-06,False,2445.0,大潭電廠GIS廠房光電
1771,,24.2,7.73,10.3,17.83,2021-11-07,False,3271.0,大潭電廠GIS廠房光電
1772,,19.2,2.46,0.0,2.32,2021-11-08,False,375.0,大潭電廠GIS廠房光電
1773,,17.0,6.41,2.9,12.85,2021-11-09,False,2309.0,大潭電廠GIS廠房光電
1774,,17.4,5.71,4.8,11.8,2021-11-10,False,2210.0,大潭電廠GIS廠房光電
1776,,19.8,5.03,3.5,11.49,2021-11-12,False,1004.0,大潭電廠GIS廠房光電
1777,,18.1,4.69,0.5,6.58,2021-11-13,False,1166.0,大潭電廠GIS廠房光電
1778,,19.4,5.47,4.2,12.33,2021-11-14,False,2039.0,大潭電廠GIS廠房光電
1779,,21.7,5.73,7.2,14.93,2021-11-15,False,2754.0,大潭電廠GIS廠房光電
1780,,22.9,5.76,5.5,12.93,2021-11-16,False,2293.0,大潭電廠GIS廠房光電
1781,,23.5,4.59,2.3,10.37,2021-11-17,False,1829.0,大潭電廠GIS廠房光電
1782,,20.6,1.69,0.0,2.61,2021-11-18,False,389.0,大潭電廠GIS廠房光電
1783,,22.5,5.0,2.6,9.63,2021-11-19,False,1950.0,大潭電廠GIS廠房光電
1784,,23.2,5.93,4.5,12.77,2021-11-20,False,2186.0,大潭電廠GIS廠房光電
1785,,22.7,6.06,8.6,15.46,2021-11-21,False,2576.0,大潭電廠GIS廠房光電
1786,,17.6,1.23,0.0,1.97,2021-11-22,False,274.0,大潭電廠GIS廠房光電
1787,,15.7,0.98,0.0,1.41,2021-11-23,False,179.0,大潭電廠GIS廠房光電
1788,,18.0,3.61,0.2,8.15,2021-11-24,False,1354.0,大潭電廠GIS廠房光電
1789,,20.1,3.6,0.0,5.21,2021-11-25,False,815.0,大潭電廠GIS廠房光電
1790,,19.6,3.97,0.4,6.55,2021-11-26,False,1004.0,大潭電廠GIS廠房光電
1791,,19.0,3.83,1.9,7.6,2021-11-27,False,1232.0,大潭電廠GIS廠房光電
1792,,22.2,4.82,1.7,9.84,2021-11-28,False,1743.0,大潭電廠GIS廠房光電
1793,,23.3,6.2,10.0,16.21,2021-11-29,False,2978.0,大潭電廠GIS廠房光電
1794,,20.5,4.22,1.5,7.96,2021-11-30,False,1444.0,大潭電廠GIS廠房光電
1795,,15.7,3.15,4.4,10.38,2021-12-01,False,1570.0,大潭電廠GIS廠房光電
1796,,16.3,3.21,2.8,8.57,2021-12-02,False,1123.0,大潭電廠GIS廠房光電
1797,,15.3,5.13,10.2,16.2,2021-12-03,False,3166.0,大潭電廠GIS廠房光電
1798,,17.3,4.8,10.0,15.78,2021-12-04,False,3054.0,大潭電廠GIS廠房光電
1799,,18.6,5.23,7.9,15.29,2021-12-05,False,2881.0,大潭電廠GIS廠房光電
1800,,19.3,4.44,5.1,11.73,2021-12-06,False,2046.0,大潭電廠GIS廠房光電
1801,,18.8,4.94,5.7,12.58,2021-12-07,False,2405.0,大潭電廠GIS廠房光電
1802,,19.5,5.46,9.9,15.62,2021-12-08,False,3063.0,大潭電廠GIS廠房光電
1803,,20.6,3.14,6.3,10.16,2021-12-09,False,1904.0,大潭電廠GIS廠房光電
1804,,21.1,4.94,7.9,13.79,2021-12-10,False,2425.0,大潭電廠GIS廠房光電
1805,,19.9,4.34,1.3,8.46,2021-12-11,False,1644.0,大潭電廠GIS廠房光電
1806,,18.7,2.33,0.1,4.89,2021-12-12,False,752.0,大潭電廠GIS廠房光電
1807,,17.6,5.19,1.2,6.45,2021-12-13,False,766.0,大潭電廠GIS廠房光電
1808,,20.0,5.72,10.1,15.25,2021-12-14,False,2940.0,大潭電廠GIS廠房光電
1809,,20.0,5.21,9.9,14.67,2021-12-15,False,2722.0,大潭電廠GIS廠房光電
1810,,20.4,4.65,7.5,13.01,2021-12-16,False,2178.0,大潭電廠GIS廠房光電
1811,,17.8,1.08,0.0,2.41,2021-12-17,False,365.0,大潭電廠GIS廠房光電
1812,,15.1,3.87,1.5,7.93,2021-12-18,False,1046.0,大潭電廠GIS廠房光電
1813,,16.7,5.3,9.6,15.53,2021-12-19,False,2820.0,大潭電廠GIS廠房光電
1814,,18.2,2.89,0.3,5.92,2021-12-20,False,977.0,大潭電廠GIS廠房光電
1815,,17.6,0.84,0.0,1.64,2021-12-21,False,235.0,大潭電廠GIS廠房光電
1823,,17.3,3.32,1.1,7.04,2021-12-29,False,176.0,大潭電廠GIS廠房光電
1824,,15.6,3.56,0.2,8.2,2021-12-30,False,1381.0,大潭電廠GIS廠房光電
1825,,15.9,4.58,2.4,10.58,2021-12-31,False,1761.0,大潭電廠GIS廠房光電
1826,,16.3,3.15,0.6,5.42,2022-01-01,False,875.0,大潭電廠GIS廠房光電
1827,,16.8,4.26,3.0,9.89,2022-01-02,False,1665.0,大潭電廠GIS廠房光電
1828,,17.9,4.82,7.5,13.41,2022-01-03,False,2341.0,大潭電廠GIS廠房光電
1829,,18.5,5.65,9.2,14.92,2022-01-04,False,2702.0,大潭電廠GIS廠房光電
1830,,18.1,1.49,0.0,3.32,2022-01-05,False,401.0,大潭電廠GIS廠房光電
1831,,16.1,1.32,0.0,2.48,2022-01-06,False,398.0,大潭電廠GIS廠房光電
1832,,16.3,4.63,1.8,9.05,2022-01-07,False,1464.0,大潭電廠GIS廠房光電
1833,,16.6,4.53,3.4,11.63,2022-01-08,False,1832.0,大潭電廠GIS廠房光電
1834,,17.5,5.07,2.7,10.86,2022-01-09,False,1702.0,大潭電廠GIS廠房光電
1835,,17.1,3.03,0.4,7.18,2022-01-10,False,1125.0,大潭電廠GIS廠房光電
1836,,13.1,1.35,0.0,2.16,2022-01-11,False,277.0,大潭電廠GIS廠房光電
1837,,12.8,2.03,0.5,4.06,2022-01-12,False,636.0,大潭電廠GIS廠房光電
1838,,13.8,1.65,0.0,2.58,2022-01-13,False,204.0,大潭電廠GIS廠房光電
1839,,14.7,5.57,9.4,15.67,2022-01-14,False,3029.0,大潭電廠GIS廠房光電
1840,,16.3,5.74,5.7,11.99,2022-01-15,False,2072.0,大潭電廠GIS廠房光電
1841,,17.4,4.11,1.4,8.18,2022-01-16,False,1529.0,大潭電廠GIS廠房光電
1842,,15.9,1.65,0.0,2.38,2022-01-17,False,325.0,大潭電廠GIS廠房光電
1843,,16.0,3.88,0.7,6.03,2022-01-18,False,928.0,大潭電廠GIS廠房光電
1844,,16.7,5.07,2.9,10.56,2022-01-19,False,2142.0,大潭電廠GIS廠房光電
1845,,17.5,4.92,4.3,13.21,2022-01-20,False,2182.0,大潭電廠GIS廠房光電
1846,,16.8,1.85,0.0,2.76,2022-01-21,False,487.0,大潭電廠GIS廠房光電
1847,,18.2,2.28,0.0,3.5,2022-01-22,False,578.0,大潭電廠GIS廠房光電
1848,,17.7,2.36,0.0,3.68,2022-01-23,False,700.0,大潭電廠GIS廠房光電
1849,,17.2,3.24,0.0,4.86,2022-01-24,False,873.0,大潭電廠GIS廠房光電
1850,,18.3,6.57,5.8,14.24,2022-01-25,False,2782.0,大潭電廠GIS廠房光電
1851,,19.2,5.99,4.4,12.01,2022-01-26,False,2324.0,大潭電廠GIS廠房光電
1852,,18.5,6.31,2.4,10.78,2022-01-27,False,1828.0,大潭電廠GIS廠房光電
1853,,17.3,4.39,0.1,6.92,2022-01-28,False,1164.0,大潭電廠GIS廠房光電
1854,,15.6,2.67,0.0,4.03,2022-01-29,False,722.0,大潭電廠GIS廠房光電
1855,,12.9,1.51,0.0,2.29,2022-01-30,False,385.0,大潭電廠GIS廠房光電
1856,,15.5,5.25,4.6,11.13,2022-01-31,False,2096.0,大潭電廠GIS廠房光電
1857,,15.7,1.48,0.0,3.53,2022-02-01,False,620.0,大潭電廠GIS廠房光電
1858,,15.6,3.06,0.0,4.3,2022-02-02,False,811.0,大潭電廠GIS廠房光電
1859,,14.9,0.64,0.0,1.18,2022-02-03,False,154.0,大潭電廠GIS廠房光電
1860,,14.0,2.23,0.0,2.96,2022-02-04,False,499.0,大潭電廠GIS廠房光電
1861,,13.9,1.94,0.0,4.04,2022-02-05,False,590.0,大潭電廠GIS廠房光電
1862,,14.7,6.03,3.9,12.55,2022-02-06,False,2203.0,大潭電廠GIS廠房光電
1863,,15.6,2.48,0.4,4.76,2022-02-07,False,824.0,大潭電廠GIS廠房光電
1864,,14.9,1.84,0.0,3.22,2022-02-08,False,569.0,大潭電廠GIS廠房光電
1865,,16.0,3.47,0.0,5.05,2022-02-09,False,841.0,大潭電廠GIS廠房光電
1866,,16.1,1.63,0.0,3.0,2022-02-10,False,526.0,大潭電廠GIS廠房光電
1867,,17.3,5.67,3.7,11.17,2022-02-11,False,2037.0,大潭電廠GIS廠房光電
1868,,17.0,1.58,0.0,3.22,2022-02-12,False,572.0,大潭電廠GIS廠房光電
1869,,16.8,3.11,0.0,4.72,2022-02-13,False,821.0,大潭電廠GIS廠房光電
1870,,14.3,3.02,0.3,5.57,2022-02-14,False,982.0,大潭電廠GIS廠房光電
1871,,16.4,3.99,0.3,7.08,2022-02-15,False,1257.0,大潭電廠GIS廠房光電
1872,,16.8,4.92,2.8,10.75,2022-02-16,False,1939.0,大潭電廠GIS廠房光電
1873,,16.1,2.78,0.2,5.95,2022-02-17,False,1116.0,大潭電廠GIS廠房光電
1874,,15.6,2.3,0.0,3.65,2022-02-18,False,657.0,大潭電廠GIS廠房光電
1875,,14.1,1.42,0.0,2.16,2022-02-19,False,345.0,大潭電廠GIS廠房光電
1876,,10.3,1.84,0.0,2.07,2022-02-20,False,341.0,大潭電廠GIS廠房光電
1877,,13.1,2.5,0.0,3.91,2022-02-21,False,697.0,大潭電廠GIS廠房光電
1878,,14.6,2.16,0.0,3.48,2022-02-22,False,622.0,大潭電廠GIS廠房光電
1879,,12.9,2.78,0.0,3.47,2022-02-23,False,645.0,大潭電廠GIS廠房光電
1880,,13.4,6.31,0.2,7.6,2022-02-24,False,1196.0,大潭電廠GIS廠房光電
1881,,16.1,4.91,0.0,6.8,2022-02-25,False,1119.0,大潭電廠GIS廠房光電
1882,,17.2,3.93,0.7,9.86,2022-02-26,False,2034.0,大潭電廠GIS廠房光電
1883,,18.1,8.38,10.1,21.22,2022-02-27,False,3917.0,大潭電廠GIS廠房光電
1884,,17.8,8.98,9.1,20.54,2022-02-28,False,3695.0,大潭電廠GIS廠房光電
1885,,21.1,9.57,7.4,19.93,2022-03-01,False,3469.0,大潭電廠GIS廠房光電
1886,,19.2,4.26,2.9,10.24,2022-03-02,False,1826.0,大潭電廠GIS廠房光電
1887,,19.9,6.07,6.0,16.03,2022-03-03,False,2983.0,大潭電廠GIS廠房光電
1888,,18.7,6.79,6.0,14.45,2022-03-04,False,2562.0,大潭電廠GIS廠房光電
1889,,19.7,7.25,4.8,15.91,2022-03-05,False,2705.0,大潭電廠GIS廠房光電
1890,,19.3,6.39,3.6,15.04,2022-03-06,False,2424.0,大潭電廠GIS廠房光電
1891,,13.8,0.96,0.0,2.04,2022-03-07,False,322.0,大潭電廠GIS廠房光電
1892,,16.0,8.81,11.1,23.62,2022-03-08,False,4305.0,大潭電廠GIS廠房光電
1893,,17.6,8.63,11.2,23.01,2022-03-09,False,4118.0,大潭電廠GIS廠房光電
1894,,17.4,8.87,9.2,22.05,2022-03-10,False,3886.0,大潭電廠GIS廠房光電
1895,,17.4,9.21,9.7,22.15,2022-03-11,False,3838.0,大潭電廠GIS廠房光電
1896,,18.3,9.46,10.4,22.2,2022-03-12,False,3242.0,大潭電廠GIS廠房光電
1900,,21.0,8.48,5.0,17.7,2022-03-16,False,764.0,大潭電廠GIS廠房光電
1901,,22.1,6.43,1.4,12.24,2022-03-17,False,2073.0,大潭電廠GIS廠房光電
1902,,19.9,4.3,1.7,10.32,2022-03-18,False,1756.0,大潭電廠GIS廠房光電
1903,,19.5,8.34,7.0,19.5,2022-03-19,False,3201.0,大潭電廠GIS廠房光電
1904,,21.8,8.59,6.6,19.9,2022-03-20,False,304.0,大潭電廠GIS廠房光電
1906,,17.2,1.92,0.0,3.04,2022-03-22,False,14.0,大潭電廠GIS廠房光電
1907,,14.8,2.08,0.0,2.49,2022-03-23,False,406.0,大潭電廠GIS廠房光電
1908,,19.0,5.92,1.2,11.14,2022-03-24,False,1988.0,大潭電廠GIS廠房光電
1909,,21.2,9.31,2.5,15.22,2022-03-25,False,2545.0,大潭電廠GIS廠房光電
1910,,23.7,6.5,0.5,8.44,2022-03-26,False,1396.0,大潭電廠GIS廠房光電
1911,,16.5,2.98,0.0,3.3,2022-03-27,False,590.0,大潭電廠GIS廠房光電
1912,,16.0,0.72,0.0,1.54,2022-03-28,False,215.0,大潭電廠GIS廠房光電
1913,,20.1,7.74,2.7,14.17,2022-03-29,False,2472.0,大潭電廠GIS廠房光電
1914,,21.5,5.69,4.5,12.38,2022-03-30,False,2153.0,大潭電廠GIS廠房光電
1915,,19.3,2.52,0.0,4.69,2022-03-31,False,814.0,大潭電廠GIS廠房光電
1916,,15.9,2.7,0.0,3.29,2022-04-01,False,485.0,大潭電廠GIS廠房光電
1917,,13.8,-99.95,0.0,2.6,2022-04-02,False,421.0,大潭電廠GIS廠房光電
1918,,15.3,-99.95,2.0,8.47,2022-04-03,False,1469.0,大潭電廠GIS廠房光電
1919,,19.0,-99.95,11.7,26.28,2022-04-04,False,4529.0,大潭電廠GIS廠房光電
1920,,18.9,-99.95,6.9,20.02,2022-04-05,False,3624.0,大潭電廠GIS廠房光電
1921,,20.3,10.23,10.3,23.81,2022-04-06,False,4150.0,大潭電廠GIS廠房光電
1922,,21.1,10.62,7.6,22.01,2022-04-07,False,3751.0,大潭電廠GIS廠房光電
1923,,22.6,9.52,8.8,22.89,2022-04-08,False,3830.0,大潭電廠GIS廠房光電
1924,,23.2,10.24,11.5,25.52,2022-04-09,False,4182.0,大潭電廠GIS廠房光電
1925,,22.9,10.94,10.2,24.18,2022-04-10,False,3922.0,大潭電廠GIS廠房光電
1926,,22.7,10.79,3.6,18.48,2022-04-11,False,2907.0,大潭電廠GIS廠房光電
1927,,22.5,11.77,8.3,22.99,2022-04-12,False,3473.0,大潭電廠GIS廠房光電
1928,,23.9,11.31,8.0,23.73,2022-04-13,False,3842.0,大潭電廠GIS廠房光電
1929,,22.3,5.08,2.7,11.18,2022-04-14,False,1862.0,大潭電廠GIS廠房光電
1930,,18.3,2.42,0.0,4.62,2022-04-15,False,782.0,大潭電廠GIS廠房光電
1931,,18.7,6.22,0.4,11.76,2022-04-16,False,2007.0,大潭電廠GIS廠房光電
1932,,18.2,3.01,0.4,6.78,2022-04-17,False,1149.0,大潭電廠GIS廠房光電
1933,,19.3,2.47,0.0,5.41,2022-04-18,False,835.0,大潭電廠GIS廠房光電
1934,,16.5,2.77,0.0,4.78,2022-04-19,False,862.0,大潭電廠GIS廠房光電
1935,,19.6,7.12,0.5,11.65,2022-04-20,False,1817.0,大潭電廠GIS廠房光電
1936,,22.6,8.51,5.4,17.39,2022-04-21,False,2657.0,大潭電廠GIS廠房光電
1937,,25.3,11.3,9.8,24.79,2022-04-22,False,3859.0,大潭電廠GIS廠房光電
1938,,25.7,-99.95,4.0,17.23,2022-04-23,False,2771.0,大潭電廠GIS廠房光電
1939,,25.8,-99.95,7.5,22.32,2022-04-24,False,3601.0,大潭電廠GIS廠房光電
1940,,25.9,10.67,4.5,18.88,2022-04-25,False,3189.0,大潭電廠GIS廠房光電
1941,,26.9,11.66,8.8,24.47,2022-04-26,False,3941.0,大潭電廠GIS廠房光電
1942,,26.2,9.51,5.2,20.62,2022-04-27,False,3246.0,大潭電廠GIS廠房光電
1943,,24.7,-99.95,2.3,15.69,2022-04-28,False,1966.0,大潭電廠GIS廠房光電
1944,,24.1,9.85,1.7,12.84,2022-04-29,False,2029.0,大潭電廠GIS廠房光電
1945,,21.0,4.4,0.0,6.0,2022-04-30,False,934.0,大潭電廠GIS廠房光電
1946,,18.3,2.05,0.0,2.9,2022-05-01,False,432.0,大潭電廠GIS廠房光電
1947,,15.8,3.69,0.0,5.2,2022-05-02,False,830.0,大潭電廠GIS廠房光電
1948,,20.3,5.03,0.0,10.54,2022-05-03,False,1793.0,大潭電廠GIS廠房光電
1949,,23.6,10.43,4.7,21.55,2022-05-04,False,3426.0,大潭電廠GIS廠房光電
1950,,22.4,2.3,0.0,5.1,2022-05-05,False,909.0,大潭電廠GIS廠房光電
1951,,23.4,9.7,3.7,17.8,2022-05-06,False,3183.0,大潭電廠GIS廠房光電
1952,,23.7,10.12,7.3,22.93,2022-05-07,False,4004.0,大潭電廠GIS廠房光電
1953,,23.5,6.96,0.1,9.62,2022-05-08,False,1663.0,大潭電廠GIS廠房光電
1954,,23.1,3.83,0.0,6.14,2022-05-09,False,1068.0,大潭電廠GIS廠房光電
1955,,24.0,9.76,3.5,17.16,2022-05-10,False,2677.0,大潭電廠GIS廠房光電
1956,,23.6,10.36,4.8,14.41,2022-05-11,False,2228.0,大潭電廠GIS廠房光電
1957,,24.4,10.79,2.2,15.96,2022-05-12,False,2376.0,大潭電廠GIS廠房光電
1958,,24.5,9.02,0.9,14.08,2022-05-13,False,2018.0,大潭電廠GIS廠房光電
1959,,20.9,1.84,0.0,3.03,2022-05-14,False,493.0,大潭電廠GIS廠房光電
1960,,18.6,4.24,0.0,4.53,2022-05-15,False,746.0,大潭電廠GIS廠房光電
1961,,17.2,3.11,0.0,4.46,2022-05-16,False,738.0,大潭電廠GIS廠房光電
1962,,20.2,8.88,3.3,20.19,2022-05-17,False,3143.0,大潭電廠GIS廠房光電
1963,,22.9,11.65,9.5,26.09,2022-05-18,False,4075.0,大潭電廠GIS廠房光電
1964,,24.4,9.71,4.1,19.67,2022-05-19,False,3082.0,大潭電廠GIS廠房光電
1965,,22.9,7.41,1.7,13.39,2022-05-20,False,2808.0,大潭電廠GIS廠房光電
1966,,22.3,4.14,0.0,6.7,2022-05-21,False,1187.0,大潭電廠GIS廠房光電
1967,,22.4,5.09,0.0,8.05,2022-05-22,False,1336.0,大潭電廠GIS廠房光電
1968,,22.7,3.23,0.0,4.74,2022-05-23,False,839.0,大潭電廠GIS廠房光電
1969,,22.4,5.06,0.0,6.52,2022-05-24,False,720.0,大潭電廠GIS廠房光電
1970,,22.8,2.85,0.0,3.02,2022-05-25,False,419.0,大潭電廠GIS廠房光電
1971,,23.0,3.92,0.0,5.3,2022-05-26,False,874.0,大潭電廠GIS廠房光電
1972,,22.3,3.13,0.0,5.51,2022-05-27,False,921.0,大潭電廠GIS廠房光電
1973,,25.4,12.67,3.4,17.12,2022-05-28,False,2678.0,大潭電廠GIS廠房光電
1974,,27.1,12.24,11.8,27.02,2022-05-29,False,4101.0,大潭電廠GIS廠房光電
1975,,27.3,12.4,12.5,27.77,2022-05-30,False,4201.0,大潭電廠GIS廠房光電
1976,,26.9,10.91,3.4,17.56,2022-05-31,False,2648.0,大潭電廠GIS廠房光電
1977,,28.0,13.0,10.4,26.9,2022-06-01,False,4035.0,大潭電廠GIS廠房光電
1978,,28.2,12.27,5.3,22.46,2022-06-02,False,3513.0,大潭電廠GIS廠房光電
1979,,28.2,11.29,4.2,20.28,2022-06-03,False,3185.0,大潭電廠GIS廠房光電
1980,,28.3,12.66,6.4,24.05,2022-06-04,False,3615.0,大潭電廠GIS廠房光電
1981,,29.2,13.01,10.0,27.32,2022-06-05,False,4113.0,大潭電廠GIS廠房光電
1982,,26.7,4.27,1.8,7.59,2022-06-06,False,1183.0,大潭電廠GIS廠房光電
1983,,23.1,2.69,0.0,4.74,2022-06-07,False,752.0,大潭電廠GIS廠房光電
1984,,22.6,3.97,0.0,4.92,2022-06-08,False,833.0,大潭電廠GIS廠房光電
1985,,24.8,5.9,0.0,8.85,2022-06-09,False,1413.0,大潭電廠GIS廠房光電
1986,,26.9,9.13,1.1,14.1,2022-06-10,False,2243.0,大潭電廠GIS廠房光電
1987,,25.9,5.9,1.7,11.64,2022-06-11,False,1861.0,大潭電廠GIS廠房光電
1988,,24.8,4.81,0.3,8.21,2022-06-12,False,1371.0,大潭電廠GIS廠房光電
1989,,27.8,13.19,3.0,18.24,2022-06-13,False,2857.0,大潭電廠GIS廠房光電
1990,,28.0,9.15,3.7,19.27,2022-06-14,False,3006.0,大潭電廠GIS廠房光電
1991,,25.5,2.17,0.0,3.73,2022-06-15,False,614.0,大潭電廠GIS廠房光電
1992,,25.7,8.74,1.0,9.65,2022-06-16,False,1617.0,大潭電廠GIS廠房光電
1993,,27.1,7.54,0.6,12.88,2022-06-17,False,2125.0,大潭電廠GIS廠房光電
1994,,27.8,12.39,8.5,24.61,2022-06-18,False,3716.0,大潭電廠GIS廠房光電
1995,,27.9,13.1,9.5,25.5,2022-06-19,False,3909.0,大潭電廠GIS廠房光電
1996,,28.0,12.59,11.5,27.49,2022-06-20,False,4126.0,大潭電廠GIS廠房光電
1997,,28.1,9.6,4.2,19.89,2022-06-21,False,3100.0,大潭電廠GIS廠房光電
1998,,28.4,12.21,12.8,28.93,2022-06-22,False,4255.0,大潭電廠GIS廠房光電
1999,,28.4,11.74,10.9,26.15,2022-06-23,False,3869.0,大潭電廠GIS廠房光電
2000,,28.0,11.53,9.4,24.62,2022-06-24,False,3684.0,大潭電廠GIS廠房光電
2001,,27.6,11.68,8.5,23.61,2022-06-25,False,3557.0,大潭電廠GIS廠房光電
2002,,28.2,12.3,11.4,26.74,2022-06-26,False,3890.0,大潭電廠GIS廠房光電
2003,,28.8,12.32,12.1,27.65,2022-06-27,False,4127.0,大潭電廠GIS廠房光電
2004,,28.6,12.5,8.7,23.76,2022-06-28,False,2718.0,大潭電廠GIS廠房光電
2005,,27.8,9.14,3.2,16.13,2022-06-29,False,2906.0,大潭電廠GIS廠房光電
2006,,28.4,12.15,10.6,26.47,2022-06-30,False,3801.0,大潭電廠GIS廠房光電
2007,,29.5,12.01,11.1,26.84,2022-07-01,False,3781.0,大潭電廠GIS廠房光電
2008,,27.2,6.18,3.0,10.58,2022-07-02,False,1506.0,大潭電廠GIS廠房光電
2009,,28.9,11.96,9.1,24.48,2022-07-03,False,3667.0,大潭電廠GIS廠房光電
2010,,29.0,13.43,9.8,27.44,2022-07-04,False,4093.0,大潭電廠GIS廠房光電
2011,,28.2,12.55,9.0,22.42,2022-07-05,False,3346.0,大潭電廠GIS廠房光電
2012,,28.3,12.67,10.1,26.35,2022-07-06,False,3968.0,大潭電廠GIS廠房光電
2013,,28.5,13.5,9.7,23.56,2022-07-07,False,3479.0,大潭電廠GIS廠房光電
2014,,29.0,13.51,12.9,28.3,2022-07-08,False,4140.0,大潭電廠GIS廠房光電
2015,,28.7,12.69,10.7,26.77,2022-07-09,False,3735.0,大潭電廠GIS廠房光電
2016,,29.4,12.65,11.1,28.05,2022-07-10,False,4102.0,大潭電廠GIS廠房光電
2017,,29.4,12.62,11.0,26.07,2022-07-11,False,3932.0,大潭電廠GIS廠房光電
2018,,29.2,11.39,10.2,26.11,2022-07-12,False,3921.0,大潭電廠GIS廠房光電
2019,,29.3,11.21,9.7,25.6,2022-07-13,False,3819.0,大潭電廠GIS廠房光電
2020,,29.6,12.19,11.7,24.25,2022-07-14,False,3616.0,大潭電廠GIS廠房光電
2021,,30.1,12.78,8.2,22.78,2022-07-15,False,3473.0,大潭電廠GIS廠房光電
2022,,30.6,11.6,11.3,26.09,2022-07-16,False,3916.0,大潭電廠GIS廠房光電
2023,,30.5,12.09,11.9,27.29,2022-07-17,False,4054.0,大潭電廠GIS廠房光電
2024,,30.1,11.81,11.1,24.98,2022-07-18,False,3775.0,大潭電廠GIS廠房光電
2025,,29.6,13.06,7.5,23.96,2022-07-19,False,3584.0,大潭電廠GIS廠房光電
2026,,29.7,13.2,11.0,27.62,2022-07-20,False,4011.0,大潭電廠GIS廠房光電
2027,,29.7,13.37,13.1,28.66,2022-07-21,False,4108.0,大潭電廠GIS廠房光電
2028,,30.0,12.76,12.3,28.02,2022-07-22,False,3986.0,大潭電廠GIS廠房光電
2029,,30.0,12.82,11.0,27.88,2022-07-23,False,4024.0,大潭電廠GIS廠房光電
2030,,29.7,12.59,10.6,27.68,2022-07-24,False,3943.0,大潭電廠GIS廠房光電
2031,,30.0,12.02,10.7,27.22,2022-07-25,False,3984.0,大潭電廠GIS廠房光電
2032,,29.6,11.43,11.7,27.07,2022-07-26,False,3997.0,大潭電廠GIS廠房光電
2033,,29.7,11.99,11.9,27.26,2022-07-27,False,4030.0,大潭電廠GIS廠房光電
2034,,29.7,11.51,12.1,27.45,2022-07-28,False,3965.0,大潭電廠GIS廠房光電
2035,,29.7,11.93,10.8,25.4,2022-07-29,False,4070.0,大潭電廠GIS廠房光電
2036,,28.7,13.7,6.3,21.88,2022-07-30,False,3213.0,大潭電廠GIS廠房光電
2037,,29.6,13.15,10.9,26.24,2022-07-31,False,3878.0,大潭電廠GIS廠房光電
2038,,30.4,11.24,9.3,22.96,2022-08-01,False,3418.0,大潭電廠GIS廠房光電
2039,,27.3,2.21,0.0,4.39,2022-08-02,False,705.0,大潭電廠GIS廠房光電
2040,,28.8,12.5,8.8,23.01,2022-08-03,False,3320.0,大潭電廠GIS廠房光電
2041,,28.9,13.05,8.4,24.94,2022-08-04,False,3808.0,大潭電廠GIS廠房光電
2042,,29.1,13.28,9.8,26.76,2022-08-05,False,3919.0,大潭電廠GIS廠房光電
2043,,29.5,13.0,10.4,26.78,2022-08-06,False,3974.0,大潭電廠GIS廠房光電
2044,,29.7,11.2,9.9,26.26,2022-08-07,False,4037.0,大潭電廠GIS廠房光電
2045,,29.2,11.65,9.9,23.9,2022-08-08,False,3839.0,大潭電廠GIS廠房光電
2046,,29.2,11.63,9.6,24.16,2022-08-09,False,3487.0,大潭電廠GIS廠房光電
2047,,29.6,12.91,11.4,27.01,2022-08-10,False,3444.0,大潭電廠GIS廠房光電
2048,,29.5,12.7,6.9,19.51,2022-08-11,False,2903.0,大潭電廠GIS廠房光電
2049,,29.7,13.01,10.9,26.37,2022-08-12,False,3980.0,大潭電廠GIS廠房光電
2050,,29.6,12.88,12.5,27.17,2022-08-13,False,4070.0,大潭電廠GIS廠房光電
2051,,29.3,5.11,2.0,11.29,2022-08-14,False,2404.0,大潭電廠GIS廠房光電
2052,,29.7,12.51,8.1,23.13,2022-08-15,False,3599.0,大潭電廠GIS廠房光電
2053,,30.1,12.43,10.8,24.73,2022-08-16,False,3810.0,大潭電廠GIS廠房光電
2054,,29.2,10.65,2.7,12.82,2022-08-17,False,2483.0,大潭電廠GIS廠房光電
2055,,28.7,11.06,4.9,19.19,2022-08-18,False,3127.0,大潭電廠GIS廠房光電
2056,,29.4,13.05,8.1,24.23,2022-08-19,False,3187.0,大潭電廠GIS廠房光電
2057,,29.3,12.06,10.3,25.0,2022-08-20,False,3826.0,大潭電廠GIS廠房光電
2058,,29.2,10.39,12.1,24.96,2022-08-21,False,3848.0,大潭電廠GIS廠房光電
2059,,29.6,11.98,12.5,26.59,2022-08-22,False,3961.0,大潭電廠GIS廠房光電
2060,,30.0,10.44,9.6,23.34,2022-08-23,False,3442.0,大潭電廠GIS廠房光電
2061,,30.2,11.56,11.1,25.66,2022-08-24,False,3874.0,大潭電廠GIS廠房光電
2062,,29.6,12.45,8.5,23.45,2022-08-25,False,3578.0,大潭電廠GIS廠房光電
2063,,29.7,12.12,11.6,24.77,2022-08-26,False,3817.0,大潭電廠GIS廠房光電
2064,,29.9,11.94,11.7,25.59,2022-08-27,False,3882.0,大潭電廠GIS廠房光電
2065,,29.1,10.0,3.6,15.0,2022-08-28,False,2563.0,大潭電廠GIS廠房光電
2066,,29.4,11.23,8.7,22.46,2022-08-29,False,3596.0,大潭電廠GIS廠房光電
2067,,29.2,10.12,3.7,16.78,2022-08-30,False,2714.0,大潭電廠GIS廠房光電
2068,,29.8,11.94,10.7,25.39,2022-08-31,False,3952.0,大潭電廠GIS廠房光電
2069,,28.4,8.0,2.9,14.31,2022-09-01,False,2300.0,大潭電廠GIS廠房光電
2070,,27.0,4.03,0.0,5.07,2022-09-02,False,953.0,大潭電廠GIS廠房光電
2071,,27.8,7.07,0.8,11.41,2022-09-03,False,1896.0,大潭電廠GIS廠房光電
2072,,27.5,4.66,0.4,6.77,2022-09-04,False,1072.0,大潭電廠GIS廠房光電
2073,,28.8,11.34,9.7,23.15,2022-09-05,False,3637.0,大潭電廠GIS廠房光電
2074,,26.9,8.69,1.2,10.17,2022-09-06,False,1604.0,大潭電廠GIS廠房光電
2075,,27.4,6.9,0.1,10.39,2022-09-07,False,1742.0,大潭電廠GIS廠房光電
2076,,27.2,10.7,11.7,24.96,2022-09-08,False,4048.0,大潭電廠GIS廠房光電
2077,,26.6,9.87,11.2,24.15,2022-09-09,False,3885.0,大潭電廠GIS廠房光電
2078,,26.1,10.97,10.8,23.47,2022-09-10,False,3758.0,大潭電廠GIS廠房光電
2079,,26.6,3.04,0.0,5.48,2022-09-11,False,893.0,大潭電廠GIS廠房光電
2080,,27.2,9.13,1.2,11.59,2022-09-12,False,1983.0,大潭電廠GIS廠房光電
2081,,27.1,9.25,1.8,12.98,2022-09-13,False,2055.0,大潭電廠GIS廠房光電
2082,,27.4,9.46,10.3,22.7,2022-09-14,False,3732.0,大潭電廠GIS廠房光電
2083,,27.6,10.26,11.4,23.68,2022-09-15,False,3467.0,大潭電廠GIS廠房光電
2084,,26.9,10.23,10.1,23.93,2022-09-16,False,3088.0,大潭電廠GIS廠房光電
2085,,26.9,10.3,10.8,23.94,2022-09-17,False,3804.0,大潭電廠GIS廠房光電
2086,,27.2,9.43,10.8,22.55,2022-09-18,False,3596.0,大潭電廠GIS廠房光電
2087,,27.2,7.84,4.8,15.76,2022-09-19,False,2523.0,大潭電廠GIS廠房光電
2088,,25.9,10.66,10.8,24.1,2022-09-20,False,3916.0,大潭電廠GIS廠房光電
2089,,25.2,9.73,8.7,20.38,2022-09-21,False,3397.0,大潭電廠GIS廠房光電
2090,,25.2,10.46,11.3,23.85,2022-09-22,False,3911.0,大潭電廠GIS廠房光電
2091,,25.7,9.91,11.3,22.98,2022-09-23,False,3790.0,大潭電廠GIS廠房光電
2092,,24.9,2.44,0.0,3.96,2022-09-24,False,554.0,大潭電廠GIS廠房光電
2093,,25.7,6.82,0.5,8.5,2022-09-25,False,1400.0,大潭電廠GIS廠房光電
2094,,27.7,11.84,9.0,21.34,2022-09-26,False,3767.0,大潭電廠GIS廠房光電
2095,,27.9,10.58,11.2,22.92,2022-09-27,False,3769.0,大潭電廠GIS廠房光電
2096,,27.5,9.25,9.5,21.55,2022-09-28,False,3535.0,大潭電廠GIS廠房光電
2097,,27.5,8.42,10.0,21.57,2022-09-29,False,2997.0,大潭電廠GIS廠房光電
2098,,27.7,8.97,9.5,20.9,2022-09-30,False,3254.0,大潭電廠GIS廠房光電
2099,,27.4,8.9,9.5,19.92,2022-10-01,False,3490.0,大潭電廠GIS廠房光電
2100,,27.7,9.25,10.3,21.51,2022-10-02,False,3513.0,大潭電廠GIS廠房光電
2101,,27.6,8.68,9.7,19.49,2022-10-03,False,2996.0,大潭電廠GIS廠房光電
2102,,28.1,9.48,8.5,20.34,2022-10-04,False,3412.0,大潭電廠GIS廠房光電
2103,,27.0,10.0,8.1,18.7,2022-10-05,False,3110.0,大潭電廠GIS廠房光電
2104,,26.4,9.06,6.5,18.16,2022-10-06,False,3204.0,大潭電廠GIS廠房光電
2105,,26.0,8.44,2.0,11.26,2022-10-07,False,2024.0,大潭電廠GIS廠房光電
2106,,25.2,7.98,3.8,13.85,2022-10-08,False,2361.0,大潭電廠GIS廠房光電
2107,,24.6,6.44,1.2,9.35,2022-10-09,False,1548.0,大潭電廠GIS廠房光電
2108,,21.4,2.23,0.0,3.35,2022-10-10,False,463.0,大潭電廠GIS廠房光電
2109,,21.8,9.68,2.9,13.51,2022-10-11,False,1961.0,大潭電廠GIS廠房光電
2110,,22.5,6.53,2.4,11.52,2022-10-12,False,2007.0,大潭電廠GIS廠房光電
2111,,24.4,5.74,2.3,11.25,2022-10-13,False,1989.0,大潭電廠GIS廠房光電
2112,,24.7,7.69,1.4,10.02,2022-10-14,False,1712.0,大潭電廠GIS廠房光電
2113,,23.8,1.97,0.0,2.25,2022-10-15,False,317.0,大潭電廠GIS廠房光電
2114,,24.6,0.36,0.0,0.72,2022-10-16,False,77.0,大潭電廠GIS廠房光電
2115,,21.6,1.07,0.0,1.58,2022-10-17,False,225.0,大潭電廠GIS廠房光電
2116,,19.4,2.54,0.0,4.27,2022-10-18,False,494.0,大潭電廠GIS廠房光電
2117,,21.8,9.59,7.5,19.16,2022-10-19,False,3383.0,大潭電廠GIS廠房光電
2118,,23.2,7.53,9.5,18.18,2022-10-20,False,3361.0,大潭電廠GIS廠房光電
2119,,24.3,6.32,6.2,15.86,2022-10-21,False,2891.0,大潭電廠GIS廠房光電
2120,,24.5,4.96,0.0,7.98,2022-10-22,False,1041.0,大潭電廠GIS廠房光電
2121,,23.0,6.13,0.2,7.46,2022-10-23,False,1404.0,大潭電廠GIS廠房光電
2122,,22.2,8.46,9.4,18.61,2022-10-24,False,3380.0,大潭電廠GIS廠房光電
2123,,21.9,7.43,7.7,16.54,2022-10-25,False,2755.0,大潭電廠GIS廠房光電
2124,,23.7,8.02,8.6,18.07,2022-10-26,False,3266.0,大潭電廠GIS廠房光電
2125,,24.2,7.78,10.1,18.45,2022-10-27,False,3388.0,大潭電廠GIS廠房光電
2126,,24.0,8.89,7.2,16.52,2022-10-28,False,2909.0,大潭電廠GIS廠房光電
2127,,23.5,5.83,1.1,8.02,2022-10-29,False,1377.0,大潭電廠GIS廠房光電
2128,,22.8,2.84,0.0,3.86,2022-10-30,False,459.0,大潭電廠GIS廠房光電
2129,,21.4,1.26,0.0,1.73,2022-10-31,False,231.0,大潭電廠GIS廠房光電
2130,,21.4,7.4,1.5,8.85,2022-11-01,False,1536.0,大潭電廠GIS廠房光電
2131,,22.2,5.94,2.8,10.72,2022-11-02,False,1724.0,大潭電廠GIS廠房光電
2132,,23.3,8.31,7.2,17.19,2022-11-03,False,3054.0,大潭電廠GIS廠房光電
2133,,21.1,3.02,0.1,5.38,2022-11-04,False,880.0,大潭電廠GIS廠房光電
2134,,20.4,7.03,4.4,14.35,2022-11-05,False,2432.0,大潭電廠GIS廠房光電
2135,,21.4,7.55,8.9,17.52,2022-11-06,False,3168.0,大潭電廠GIS廠房光電
2136,,23.0,6.32,5.6,14.55,2022-11-07,False,2543.0,大潭電廠GIS廠房光電
2137,,23.0,4.4,0.0,8.25,2022-11-08,False,1241.0,大潭電廠GIS廠房光電
2138,,25.4,7.26,10.4,17.52,2022-11-09,False,2595.0,大潭電廠GIS廠房光電
2139,,24.5,7.29,10.4,17.48,2022-11-10,False,2582.0,大潭電廠GIS廠房光電
2140,,23.8,6.18,1.8,10.2,2022-11-11,False,1378.0,大潭電廠GIS廠房光電
2141,,23.3,5.81,1.0,9.43,2022-11-12,False,1033.0,大潭電廠GIS廠房光電
2142,,23.4,6.84,6.2,13.92,2022-11-13,False,2507.0,大潭電廠GIS廠房光電
2143,,23.6,7.2,10.1,16.78,2022-11-14,False,3057.0,大潭電廠GIS廠房光電
2144,,22.8,7.06,5.5,13.58,2022-11-15,False,2228.0,大潭電廠GIS廠房光電
2145,,22.3,3.97,0.0,5.98,2022-11-16,False,954.0,大潭電廠GIS廠房光電
2146,,22.7,6.14,5.0,11.8,2022-11-17,False,1762.0,大潭電廠GIS廠房光電
2147,,23.2,4.29,1.7,7.38,2022-11-18,False,1355.0,大潭電廠GIS廠房光電
2148,,23.2,6.64,5.7,12.9,2022-11-19,False,2325.0,大潭電廠GIS廠房光電
2149,,23.9,5.96,4.7,11.36,2022-11-20,False,2150.0,大潭電廠GIS廠房光電
2150,,24.4,7.22,9.5,15.84,2022-11-21,False,2806.0,大潭電廠GIS廠房光電
2151,,23.3,5.32,0.9,8.3,2022-11-22,False,1354.0,大潭電廠GIS廠房光電
2152,,21.1,3.44,0.0,3.56,2022-11-23,False,595.0,大潭電廠GIS廠房光電
2153,,20.6,2.67,0.0,3.36,2022-11-24,False,508.0,大潭電廠GIS廠房光電
2154,,21.4,5.47,0.3,6.26,2022-11-25,False,949.0,大潭電廠GIS廠房光電
2155,,21.4,4.4,1.4,7.38,2022-11-26,False,1363.0,大潭電廠GIS廠房光電
2156,,22.9,4.62,3.3,10.69,2022-11-27,False,1809.0,大潭電廠GIS廠房光電
2157,,23.7,6.29,9.9,15.49,2022-11-28,False,2862.0,大潭電廠GIS廠房光電
2158,,24.5,5.93,5.8,12.23,2022-11-29,False,2169.0,大潭電廠GIS廠房光電
2159,,18.5,4.66,0.5,7.11,2022-11-30,False,1231.0,大潭電廠GIS廠房光電
2160,,17.9,4.97,0.5,6.9,2022-12-01,False,1177.0,大潭電廠GIS廠房光電
2161,,18.7,3.47,2.1,7.63,2022-12-02,False,1291.0,大潭電廠GIS廠房光電
2162,,20.8,3.56,1.0,6.94,2022-12-03,False,1338.0,大潭電廠GIS廠房光電
2163,,20.0,1.77,0.0,3.13,2022-12-04,False,502.0,大潭電廠GIS廠房光電
2164,,17.0,1.83,0.0,3.48,2022-12-05,False,572.0,大潭電廠GIS廠房光電
2165,,17.7,5.62,3.8,11.96,2022-12-06,False,2274.0,大潭電廠GIS廠房光電
2166,,18.8,1.38,0.0,2.44,2022-12-07,False,390.0,大潭電廠GIS廠房光電
2167,,18.7,2.73,0.0,3.43,2022-12-08,False,572.0,大潭電廠GIS廠房光電
2168,,18.8,3.36,0.1,4.28,2022-12-09,False,721.0,大潭電廠GIS廠房光電
2169,,19.0,0.59,0.0,1.1,2022-12-10,False,137.0,大潭電廠GIS廠房光電
2170,,16.3,1.38,0.0,2.18,2022-12-11,False,307.0,大潭電廠GIS廠房光電
2171,,16.3,1.98,0.0,2.57,2022-12-12,False,318.0,大潭電廠GIS廠房光電
2172,,16.0,3.78,0.0,5.7,2022-12-13,False,827.0,大潭電廠GIS廠房光電
2173,,15.0,2.44,0.0,3.6,2022-12-14,False,434.0,大潭電廠GIS廠房光電
2174,,16.3,2.14,0.0,3.36,2022-12-15,False,598.0,大潭電廠GIS廠房光電
2175,,17.9,2.06,0.0,3.04,2022-12-16,False,482.0,大潭電廠GIS廠房光電
2176,,13.0,1.48,0.0,1.78,2022-12-17,False,293.0,大潭電廠GIS廠房光電
2177,,10.0,3.13,2.9,9.33,2022-12-18,False,1379.0,大潭電廠GIS廠房光電
2178,,14.7,5.36,10.0,15.42,2022-12-19,False,2989.0,大潭電廠GIS廠房光電
2179,,17.6,5.21,10.1,14.77,2022-12-20,False,2853.0,大潭電廠GIS廠房光電
2180,,15.2,0.94,0.2,2.24,2022-12-21,False,385.0,大潭電廠GIS廠房光電
2181,,13.7,5.23,10.0,15.74,2022-12-22,False,3114.0,大潭電廠GIS廠房光電
2182,,11.6,5.02,8.3,13.89,2022-12-23,False,2703.0,大潭電廠GIS廠房光電
2183,,11.5,5.42,9.9,15.56,2022-12-24,False,3057.0,大潭電廠GIS廠房光電
2184,,12.0,5.55,9.9,15.72,2022-12-25,False,3132.0,大潭電廠GIS廠房光電
2185,,14.6,4.52,8.2,14.13,2022-12-26,False,2386.0,大潭電廠GIS廠房光電
2186,,16.5,5.5,9.0,14.3,2022-12-27,False,2723.0,大潭電廠GIS廠房光電
2187,,17.4,4.42,3.0,9.71,2022-12-28,False,1796.0,大潭電廠GIS廠房光電
2188,,16.6,2.47,0.0,3.25,2022-12-29,False,369.0,大潭電廠GIS廠房光電
2189,,15.5,1.66,0.0,3.16,2022-12-30,False,531.0,大潭電廠GIS廠房光電
2190,,16.3,2.92,0.7,7.11,2022-12-31,False,1060.0,大潭電廠GIS廠房光電
2191,,19.3,4.49,0.3,8.95,2023-01-01,False,1557.0,大潭電廠GIS廠房光電
2192,,18.0,3.43,0.1,6.89,2023-01-02,False,1089.0,大潭電廠GIS廠房光電
2193,,15.9,3.69,0.1,5.25,2023-01-03,False,848.0,大潭電廠GIS廠房光電
2194,,16.9,4.4,2.3,10.38,2023-01-04,False,1743.0,大潭電廠GIS廠房光電
2195,,18.7,3.61,0.9,7.04,2023-01-05,False,1172.0,大潭電廠GIS廠房光電
2196,,17.3,2.73,0.2,4.32,2023-01-06,False,459.0,大潭電廠GIS廠房光電
2197,,17.8,5.52,9.3,14.7,2023-01-07,False,2767.0,大潭電廠GIS廠房光電
2198,,19.3,4.84,7.7,13.16,2023-01-08,False,2435.0,大潭電廠GIS廠房光電
2199,,18.3,3.31,0.3,7.07,2023-01-09,False,1159.0,大潭電廠GIS廠房光電
2200,,18.5,5.57,4.2,11.77,2023-01-10,False,2451.0,大潭電廠GIS廠房光電
2201,,18.8,3.58,0.4,6.11,2023-01-11,False,1153.0,大潭電廠GIS廠房光電
2202,,17.8,5.16,1.3,8.96,2023-01-12,False,1602.0,大潭電廠GIS廠房光電
2203,,19.2,5.91,4.6,12.57,2023-01-13,False,2310.0,大潭電廠GIS廠房光電
2204,,20.8,5.62,5.7,13.1,2023-01-14,False,2401.0,大潭電廠GIS廠房光電
2205,,13.6,1.85,0.0,3.21,2023-01-15,False,585.0,大潭電廠GIS廠房光電
2206,,11.4,1.73,0.0,2.09,2023-01-16,False,299.0,大潭電廠GIS廠房光電
2207,,13.9,1.1,0.0,1.75,2023-01-17,False,303.0,大潭電廠GIS廠房光電
2208,,13.1,0.96,0.0,1.84,2023-01-18,False,294.0,大潭電廠GIS廠房光電
2209,,16.2,5.99,9.2,15.37,2023-01-19,False,2912.0,大潭電廠GIS廠房光電
2210,,16.3,4.91,0.5,8.93,2023-01-20,False,1491.0,大潭電廠GIS廠房光電
2211,,16.8,3.38,1.4,7.59,2023-01-21,False,1346.0,大潭電廠GIS廠房光電
2212,,16.3,6.59,3.9,11.59,2023-01-22,False,2060.0,大潭電廠GIS廠房光電
2213,,17.0,3.12,0.0,4.33,2023-01-23,False,688.0,大潭電廠GIS廠房光電
2214,,10.6,1.51,0.8,3.58,2023-01-24,False,620.0,大潭電廠GIS廠房光電
2215,,11.4,6.61,4.7,13.37,2023-01-25,False,2408.0,大潭電廠GIS廠房光電
2216,,13.6,2.23,0.0,3.46,2023-01-26,False,576.0,大潭電廠GIS廠房光電
2217,,12.2,1.82,0.2,3.79,2023-01-27,False,664.0,大潭電廠GIS廠房光電
2218,,9.3,2.43,2.6,6.72,2023-01-28,False,1087.0,大潭電廠GIS廠房光電
2219,,12.9,6.03,9.9,16.86,2023-01-29,False,3212.0,大潭電廠GIS廠房光電
2220,,14.1,6.41,10.5,18.03,2023-01-30,False,3430.0,大潭電廠GIS廠房光電
2221,,12.4,6.55,10.3,17.51,2023-01-31,False,3238.0,大潭電廠GIS廠房光電
2222,,15.9,4.45,0.7,8.35,2023-02-01,False,1418.0,大潭電廠GIS廠房光電
2223,,16.2,1.54,0.0,3.33,2023-02-02,False,523.0,大潭電廠GIS廠房光電
2224,,16.9,6.64,3.6,12.77,2023-02-03,False,2213.0,大潭電廠GIS廠房光電
2225,,17.0,3.55,0.0,5.37,2023-02-04,False,895.0,大潭電廠GIS廠房光電
2226,,15.5,2.44,0.0,2.37,2023-02-05,False,407.0,大潭電廠GIS廠房光電
2227,,15.2,3.5,0.4,6.71,2023-02-06,False,1103.0,大潭電廠GIS廠房光電
2228,,16.2,4.23,0.0,6.01,2023-02-07,False,1024.0,大潭電廠GIS廠房光電
2229,,16.8,7.33,3.1,11.52,2023-02-08,False,2044.0,大潭電廠GIS廠房光電
2230,,14.4,1.76,0.0,3.32,2023-02-09,False,595.0,大潭電廠GIS廠房光電
2231,,15.8,1.58,0.0,2.69,2023-02-10,False,435.0,大潭電廠GIS廠房光電
2232,,15.6,2.66,0.2,4.53,2023-02-11,False,754.0,大潭電廠GIS廠房光電
2233,,16.9,6.48,4.4,12.21,2023-02-12,False,2159.0,大潭電廠GIS廠房光電
2234,,17.8,8.2,5.8,13.42,2023-02-13,False,2476.0,大潭電廠GIS廠房光電
2235,,11.7,1.47,0.0,2.42,2023-02-14,False,373.0,大潭電廠GIS廠房光電
2236,,11.7,4.59,0.2,8.94,2023-02-15,False,1650.0,大潭電廠GIS廠房光電
2237,,15.2,8.49,10.5,19.84,2023-02-16,False,3756.0,大潭電廠GIS廠房光電
2238,,15.5,5.79,3.6,10.52,2023-02-17,False,1584.0,大潭電廠GIS廠房光電
2239,,15.7,8.83,3.1,14.29,2023-02-18,False,2252.0,大潭電廠GIS廠房光電
2240,,15.4,4.83,1.1,7.64,2023-02-19,False,1255.0,大潭電廠GIS廠房光電
2241,,14.7,8.07,7.4,17.17,2023-02-20,False,3036.0,大潭電廠GIS廠房光電
2242,,13.8,3.52,0.5,4.47,2023-02-21,False,637.0,大潭電廠GIS廠房光電
2243,,14.9,5.48,0.2,7.51,2023-02-22,False,864.0,大潭電廠GIS廠房光電
2244,,15.9,1.86,0.0,3.39,2023-02-23,False,418.0,大潭電廠GIS廠房光電
2245,,14.6,2.2,0.0,3.9,2023-02-24,False,702.0,大潭電廠GIS廠房光電
2246,,13.7,1.35,0.0,2.15,2023-02-25,False,325.0,大潭電廠GIS廠房光電
2247,,13.0,3.53,0.0,5.53,2023-02-26,False,749.0,大潭電廠GIS廠房光電
2248,,16.7,9.43,10.9,22.35,2023-02-27,False,3841.0,大潭電廠GIS廠房光電
2249,,16.3,8.8,7.1,17.99,2023-02-28,False,2991.0,大潭電廠GIS廠房光電
2250,,16.3,8.58,3.6,15.31,2023-03-01,False,2022.0,大潭電廠GIS廠房光電
2251,,15.5,7.59,6.3,16.72,2023-03-02,False,2617.0,大潭電廠GIS廠房光電
2252,,15.8,8.34,7.8,17.39,2023-03-03,False,2612.0,大潭電廠GIS廠房光電
2253,,16.1,8.98,7.0,17.86,2023-03-04,False,2836.0,大潭電廠GIS廠房光電
2254,,15.9,9.37,11.1,22.97,2023-03-05,False,3563.0,大潭電廠GIS廠房光電
2277,,17.8,3.1,0.1,6.21,2023-03-28,False,215.0,大潭電廠GIS廠房光電
2278,,19.2,0.64,0.0,1.71,2023-03-29,False,278.0,大潭電廠GIS廠房光電
2279,,18.0,3.02,0.0,4.18,2023-03-30,False,697.0,大潭電廠GIS廠房光電
2280,,18.5,7.31,2.4,13.53,2023-03-31,False,2688.0,大潭電廠GIS廠房光電
2281,,18.2,1.33,0.0,2.32,2023-04-01,False,399.0,大潭電廠GIS廠房光電
2282,,20.4,9.88,7.7,21.0,2023-04-02,False,3579.0,大潭電廠GIS廠房光電
2283,,22.4,8.26,6.8,19.46,2023-04-03,False,3314.0,大潭電廠GIS廠房光電
2284,,22.1,7.58,3.2,14.27,2023-04-04,False,2318.0,大潭電廠GIS廠房光電
2285,,22.4,7.8,3.4,14.88,2023-04-05,False,2372.0,大潭電廠GIS廠房光電
2286,,21.8,4.67,0.2,8.17,2023-04-06,False,1360.0,大潭電廠GIS廠房光電
2287,,16.9,4.32,0.0,4.39,2023-04-07,False,716.0,大潭電廠GIS廠房光電
2288,,17.6,8.9,2.8,16.78,2023-04-08,False,2981.0,大潭電廠GIS廠房光電
2289,,19.5,7.9,4.6,18.44,2023-04-09,False,3158.0,大潭電廠GIS廠房光電
2290,,20.2,10.64,6.9,21.07,2023-04-10,False,3483.0,大潭電廠GIS廠房光電
2291,,22.2,9.75,9.3,21.94,2023-04-11,False,3460.0,大潭電廠GIS廠房光電
2292,,21.8,9.44,5.3,18.89,2023-04-12,False,3038.0,大潭電廠GIS廠房光電
2293,,22.4,8.85,5.0,18.8,2023-04-13,False,2953.0,大潭電廠GIS廠房光電
2294,,22.9,9.5,7.6,20.38,2023-04-14,False,3169.0,大潭電廠GIS廠房光電
2295,,22.4,3.68,0.9,6.8,2023-04-15,False,1160.0,大潭電廠GIS廠房光電
2296,,22.9,9.96,11.2,25.84,2023-04-16,False,4112.0,大潭電廠GIS廠房光電
2297,,23.8,9.33,10.1,24.59,2023-04-17,False,4045.0,大潭電廠GIS廠房光電
2298,,24.7,8.21,5.4,16.37,2023-04-18,False,2603.0,大潭電廠GIS廠房光電
2299,,24.7,4.28,2.2,7.46,2023-04-19,False,1165.0,大潭電廠GIS廠房光電
2300,,22.3,3.98,0.0,6.45,2023-04-20,False,923.0,大潭電廠GIS廠房光電
2301,,21.4,3.72,0.8,10.19,2023-04-21,False,1931.0,大潭電廠GIS廠房光電
2302,,20.7,4.59,0.3,9.05,2023-04-22,False,1519.0,大潭電廠GIS廠房光電
2303,,22.2,8.52,5.1,19.44,2023-04-23,False,3209.0,大潭電廠GIS廠房光電
2304,,20.7,1.99,0.0,3.21,2023-04-24,False,507.0,大潭電廠GIS廠房光電
2305,,19.8,3.65,0.0,5.88,2023-04-25,False,841.0,大潭電廠GIS廠房光電
2306,,18.6,3.04,0.1,5.58,2023-04-26,False,878.0,大潭電廠GIS廠房光電
2307,,21.6,9.69,5.2,20.11,2023-04-27,False,3249.0,大潭電廠GIS廠房光電
2308,,22.5,7.09,6.5,20.81,2023-04-28,False,3170.0,大潭電廠GIS廠房光電
2309,,24.4,10.89,9.2,25.1,2023-04-29,False,3893.0,大潭電廠GIS廠房光電
2310,,20.1,7.8,0.2,9.24,2023-04-30,False,1469.0,大潭電廠GIS廠房光電
2311,,21.8,10.96,9.7,25.06,2023-05-01,False,3960.0,大潭電廠GIS廠房光電
2312,,24.0,10.11,9.9,24.27,2023-05-02,False,3741.0,大潭電廠GIS廠房光電
2313,,23.8,8.66,3.7,16.79,2023-05-03,False,2800.0,大潭電廠GIS廠房光電
2314,,25.2,12.35,9.3,26.4,2023-05-04,False,3962.0,大潭電廠GIS廠房光電
2315,,26.9,11.07,9.3,24.5,2023-05-05,False,3770.0,大潭電廠GIS廠房光電
2316,,26.5,11.65,3.5,18.6,2023-05-06,False,2768.0,大潭電廠GIS廠房光電
2317,,22.8,5.55,0.1,5.31,2023-05-07,False,841.0,大潭電廠GIS廠房光電
2318,,19.5,4.24,0.0,5.35,2023-05-08,False,889.0,大潭電廠GIS廠房光電
2319,,20.4,6.86,0.0,12.64,2023-05-09,False,2022.0,大潭電廠GIS廠房光電
2320,,22.0,11.66,9.5,25.74,2023-05-10,False,4110.0,大潭電廠GIS廠房光電
2321,,23.4,11.03,1.8,16.42,2023-05-11,False,2717.0,大潭電廠GIS廠房光電
2322,,23.1,7.05,0.1,9.11,2023-05-12,False,1483.0,大潭電廠GIS廠房光電
2323,,22.9,3.7,0.0,6.58,2023-05-13,False,1065.0,大潭電廠GIS廠房光電
2324,,23.1,4.29,0.0,7.78,2023-05-14,False,1305.0,大潭電廠GIS廠房光電
2325,,23.9,9.14,3.6,17.3,2023-05-15,False,2706.0,大潭電廠GIS廠房光電
2326,,24.3,11.06,10.7,25.59,2023-05-16,False,3668.0,大潭電廠GIS廠房光電
2327,,26.5,11.36,8.0,24.4,2023-05-17,False,3585.0,大潭電廠GIS廠房光電
2328,,28.1,11.45,9.3,25.27,2023-05-18,False,3849.0,大潭電廠GIS廠房光電
2329,,23.7,5.24,0.5,4.82,2023-05-19,False,807.0,大潭電廠GIS廠房光電
2330,,24.1,5.05,0.5,6.33,2023-05-20,False,883.0,大潭電廠GIS廠房光電
2331,,26.6,7.23,2.9,13.87,2023-05-21,False,2147.0,大潭電廠GIS廠房光電
2332,,26.9,10.94,3.6,17.43,2023-05-22,False,2804.0,大潭電廠GIS廠房光電
2333,,21.7,7.24,1.5,14.63,2023-05-23,False,2367.0,大潭電廠GIS廠房光電
2334,,23.3,7.57,2.2,15.65,2023-05-24,False,146.0,大潭電廠GIS廠房光電
2335,,25.3,9.96,7.2,20.88,2023-05-25,False,2607.0,大潭電廠GIS廠房光電
2336,,26.0,11.7,9.6,24.48,2023-05-26,False,3375.0,大潭電廠GIS廠房光電
2337,,26.9,11.68,10.9,27.34,2023-05-27,False,4165.0,大潭電廠GIS廠房光電
2338,,27.6,12.01,12.5,28.1,2023-05-28,False,4096.0,大潭電廠GIS廠房光電
2339,,28.5,12.74,13.0,29.29,2023-05-29,False,4385.0,大潭電廠GIS廠房光電
2340,,27.2,11.48,6.6,23.72,2023-05-30,False,3459.0,大潭電廠GIS廠房光電
2341,,26.5,4.97,0.1,9.2,2023-05-31,False,1604.0,大潭電廠GIS廠房光電
2342,,26.9,9.72,3.2,16.55,2023-06-01,False,2816.0,大潭電廠GIS廠房光電
2343,,27.8,11.67,10.6,26.69,2023-06-02,False,3910.0,大潭電廠GIS廠房光電
2344,,28.5,10.96,7.9,23.01,2023-06-03,False,3490.0,大潭電廠GIS廠房光電
2345,,28.1,11.0,7.9,24.41,2023-06-04,False,3750.0,大潭電廠GIS廠房光電
2346,,28.1,12.09,9.2,25.79,2023-06-05,False,3791.0,大潭電廠GIS廠房光電
2347,,28.1,12.5,12.7,28.45,2023-06-06,False,4125.0,大潭電廠GIS廠房光電
2348,,28.5,13.28,10.4,27.52,2023-06-07,False,3996.0,大潭電廠GIS廠房光電
2349,,28.4,9.59,4.2,20.78,2023-06-08,False,3055.0,大潭電廠GIS廠房光電
2350,,28.2,12.46,7.3,24.79,2023-06-09,False,3626.0,大潭電廠GIS廠房光電
2351,,27.2,12.46,3.8,18.94,2023-06-10,False,2696.0,大潭電廠GIS廠房光電
2352,,26.6,7.33,0.3,10.41,2023-06-11,False,1544.0,大潭電廠GIS廠房光電
2353,,26.7,7.71,0.2,11.54,2023-06-12,False,1814.0,大潭電廠GIS廠房光電
2354,,26.4,11.09,9.4,24.35,2023-06-13,False,3695.0,大潭電廠GIS廠房光電
2355,,26.9,7.05,1.8,14.88,2023-06-14,False,2301.0,大潭電廠GIS廠房光電
2356,,24.6,7.24,0.2,9.76,2023-06-15,False,1480.0,大潭電廠GIS廠房光電
2357,,26.8,10.87,4.0,18.52,2023-06-16,False,2773.0,大潭電廠GIS廠房光電
2358,,27.4,9.99,0.9,10.48,2023-06-17,False,1620.0,大潭電廠GIS廠房光電
2359,,28.6,12.41,7.4,24.78,2023-06-18,False,3638.0,大潭電廠GIS廠房光電
2360,,28.5,6.88,0.6,13.66,2023-06-19,False,2204.0,大潭電廠GIS廠房光電
2361,,29.3,13.04,12.4,28.54,2023-06-20,False,4157.0,大潭電廠GIS廠房光電
2362,,29.2,12.88,11.9,26.16,2023-06-21,False,3797.0,大潭電廠GIS廠房光電
2363,,28.2,5.74,3.8,10.73,2023-06-22,False,1597.0,大潭電廠GIS廠房光電
2364,,28.2,12.64,8.9,24.5,2023-06-23,False,3671.0,大潭電廠GIS廠房光電
2365,,28.1,12.86,10.3,26.74,2023-06-24,False,3984.0,大潭電廠GIS廠房光電
2366,,28.5,13.03,11.8,27.85,2023-06-25,False,4086.0,大潭電廠GIS廠房光電
2367,,28.8,10.82,8.0,22.1,2023-06-26,False,4052.0,大潭電廠GIS廠房光電
2368,,28.5,12.47,10.4,25.25,2023-06-27,False,3842.0,大潭電廠GIS廠房光電
2369,,28.9,12.78,5.6,22.08,2023-06-28,False,3259.0,大潭電廠GIS廠房光電
2370,,29.0,12.95,12.0,27.95,2023-06-29,False,3803.0,大潭電廠GIS廠房光電
2371,,29.2,13.15,10.9,27.96,2023-06-30,False,4104.0,大潭電廠GIS廠房光電
