,date,Temp,SunShineHour,GlobalRad,UV,degree,station,capacity
850,2019-05-01,35.85,10.25,20.82,8.76,152111.0,彰化彰濱光電,99999.1
851,2019-05-02,29.1,13.15,24.01,10.29,24559.0,彰化彰濱光電,99999.1
852,2019-05-03,27.8,3.7,15.92,6.93,2958.0,彰化彰濱光電,99999.1
853,2019-05-04,29.9,9.25,23.12,12.57,320215.0,彰化彰濱光電,99999.1
854,2019-05-05,30.55,13.1,30.46,13.24,169487.0,彰化彰濱光電,99999.1
855,2019-05-06,33.15,15.3,33.49,14.18,69873.0,彰化彰濱光電,99999.1
856,2019-05-07,33.9,2.9,19.45,10.86,194214.0,彰化彰濱光電,99999.1
857,2019-05-08,38.3,2.45,14.32,6.14,179721.0,彰化彰濱光電,99999.1
858,2019-05-09,18.35,3.35,10.78,4.23,137963.0,彰化彰濱光電,99999.1
859,2019-05-10,13.05,1.45,6.21,4.2,309680.0,彰化彰濱光電,99999.1
860,2019-05-11,20.35,5.25,16.88,6.48,447958.0,彰化彰濱光電,99999.1
861,2019-05-12,19.35,0.25,2.86,2.54,427789.0,彰化彰濱光電,99999.1
862,2019-05-13,25.25,2.15,15.83,6.66,352867.0,彰化彰濱光電,99999.1
863,2019-05-14,25.3,3.55,16.77,10.83,234231.0,彰化彰濱光電,99999.1
864,2019-05-15,26.15,6.3,20.51,9.96,161766.0,彰化彰濱光電,99999.1
865,2019-05-16,26.85,5.35,18.52,9.84,137738.0,彰化彰濱光電,99999.1
866,2019-05-17,26.35,4.15,15.4,8.59,94390.0,彰化彰濱光電,99999.1
867,2019-05-18,26.3,1.5,11.56,6.14,123398.0,彰化彰濱光電,99999.1
868,2019-05-19,20.55,0.0,5.75,3.86,233129.0,彰化彰濱光電,99999.1
869,2019-05-20,15.9,0.0,3.26,1.62,86765.0,彰化彰濱光電,99999.1
870,2019-05-21,10.45,9.55,17.88,2.34,108624.0,彰化彰濱光電,99999.1
871,2019-05-22,12.95,2.7,10.64,5.03,157226.0,彰化彰濱光電,99999.1
872,2019-05-23,16.7,10.45,22.66,7.82,71430.0,彰化彰濱光電,99999.1
873,2019-05-24,23.25,4.1,13.34,6.73,273419.0,彰化彰濱光電,99999.1
874,2019-05-25,23.5,4.8,15.18,5.14,248620.0,彰化彰濱光電,99999.1
875,2019-05-26,26.0,3.55,17.48,7.7,272942.0,彰化彰濱光電,99999.1
876,2019-05-27,25.75,1.45,12.6,6.22,150976.0,彰化彰濱光電,99999.1
877,2019-05-28,26.55,4.05,16.0,5.44,86721.0,彰化彰濱光電,99999.1
878,2019-05-29,25.55,5.3,17.16,8.24,216390.0,彰化彰濱光電,99999.1
879,2019-05-30,20.7,0.25,7.89,5.3,399655.0,彰化彰濱光電,99999.1
880,2019-05-31,21.35,2.05,10.0,3.8,556628.0,彰化彰濱光電,99999.1
881,2019-06-01,17.65,0.3,6.37,3.86,522573.0,彰化彰濱光電,99999.1
882,2019-06-02,20.25,7.8,15.2,6.12,510036.0,彰化彰濱光電,99999.1
883,2019-06-03,19.75,9.35,20.44,9.07,263500.0,彰化彰濱光電,99999.1
884,2019-06-04,18.45,8.6,20.72,9.24,255500.0,彰化彰濱光電,99999.1
885,2019-06-05,21.25,6.15,20.97,9.25,603378.0,彰化彰濱光電,99999.1
886,2019-06-06,25.1,8.55,23.2,7.68,552608.0,彰化彰濱光電,99999.1
887,2019-06-07,22.0,0.0,1.45,1.2,559102.0,彰化彰濱光電,99999.1
888,2019-06-08,26.35,6.15,21.01,12.16,471899.0,彰化彰濱光電,99999.1
889,2019-06-09,24.1,0.05,5.36,3.99,403403.0,彰化彰濱光電,99999.1
890,2019-06-10,26.65,4.8,16.75,7.27,174301.0,彰化彰濱光電,99999.1
891,2019-06-11,24.45,4.55,13.18,5.26,148269.0,彰化彰濱光電,99999.1
892,2019-06-12,20.35,9.85,17.43,6.35,84500.0,彰化彰濱光電,99999.1
893,2019-06-13,17.3,9.5,15.62,5.2,244671.0,彰化彰濱光電,99999.1
894,2019-06-14,15.9,9.25,15.61,5.38,330438.0,彰化彰濱光電,99999.1
895,2019-06-15,20.05,8.1,17.07,7.19,666329.0,彰化彰濱光電,99999.1
896,2019-06-16,19.65,2.45,10.92,6.04,574490.0,彰化彰濱光電,99999.1
897,2019-06-17,29.2,6.05,22.7,10.88,563920.0,彰化彰濱光電,99999.1
898,2019-06-18,36.7,2.8,14.24,5.23,469179.0,彰化彰濱光電,99999.1
899,2019-06-19,41.45,9.4,30.48,16.34,611021.0,彰化彰濱光電,99999.1
900,2019-06-20,42.9,15.25,39.11,18.81,608889.0,彰化彰濱光電,99999.1
901,2019-06-21,38.75,9.0,25.62,16.23,599301.0,彰化彰濱光電,99999.1
902,2019-06-22,39.55,3.9,21.62,11.64,473097.0,彰化彰濱光電,99999.1
903,2019-06-23,39.15,8.05,22.34,12.4,117199.0,彰化彰濱光電,99999.1
904,2019-06-24,33.5,11.45,23.38,11.05,135000.0,彰化彰濱光電,99999.1
905,2019-06-25,30.9,7.85,19.58,8.86,387101.0,彰化彰濱光電,99999.1
906,2019-06-26,14.35,3.5,13.56,7.02,310897.0,彰化彰濱光電,99999.1
907,2019-06-27,25.6,8.05,21.88,9.63,341501.0,彰化彰濱光電,99999.1
908,2019-06-28,31.75,14.75,29.94,11.95,634905.0,彰化彰濱光電,99999.1
909,2019-06-29,34.2,13.7,35.0,14.78,543470.0,彰化彰濱光電,99999.1
910,2019-06-30,42.15,17.4,41.79,17.21,533222.0,彰化彰濱光電,99999.1
911,2019-07-01,40.0,7.7,28.96,14.06,556602.0,彰化彰濱光電,99999.1
912,2019-07-02,41.0,8.2,28.21,14.18,479002.0,彰化彰濱光電,99999.1
913,2019-07-03,39.75,9.75,30.3,15.82,183899.0,彰化彰濱光電,99999.1
914,2019-07-04,37.8,0.7,12.21,8.1,316303.0,彰化彰濱光電,99999.1
915,2019-07-05,40.35,3.75,12.68,7.51,370500.0,彰化彰濱光電,99999.1
916,2019-07-06,29.45,2.65,14.06,9.34,127699.0,彰化彰濱光電,99999.1
917,2019-07-07,28.35,14.25,24.13,9.3,537101.0,彰化彰濱光電,99999.1
918,2019-07-08,19.7,0.7,6.88,3.3,560000.0,彰化彰濱光電,99999.1
919,2019-07-09,27.2,13.1,28.47,13.3,438995.0,彰化彰濱光電,99999.1
920,2019-07-10,31.1,16.4,34.36,14.18,405700.0,彰化彰濱光電,99999.1
921,2019-07-11,36.05,11.8,30.73,13.14,329498.0,彰化彰濱光電,99999.1
922,2019-07-12,34.8,0.65,13.26,10.26,570598.0,彰化彰濱光電,99999.1
923,2019-07-13,38.6,2.75,22.52,12.24,531203.0,彰化彰濱光電,99999.1
924,2019-07-14,41.9,6.45,25.41,13.72,513698.0,彰化彰濱光電,99999.1
925,2019-07-15,39.9,8.35,27.27,16.78,543001.0,彰化彰濱光電,99999.1
926,2019-07-16,36.75,5.5,20.87,13.6,545000.0,彰化彰濱光電,99999.1
927,2019-07-17,34.95,15.3,30.71,13.61,541099.0,彰化彰濱光電,99999.1
928,2019-07-18,36.25,12.9,24.7,10.8,242802.0,彰化彰濱光電,99999.1
929,2019-07-19,26.95,4.9,15.64,7.71,305999.0,彰化彰濱光電,99999.1
930,2019-07-20,28.55,3.0,15.02,8.14,300801.0,彰化彰濱光電,99999.1
931,2019-07-21,31.5,14.95,28.96,14.48,392301.0,彰化彰濱光電,99999.1
932,2019-07-22,28.75,9.5,23.46,10.5,455598.0,彰化彰濱光電,99999.1
933,2019-07-23,33.1,9.45,26.88,13.92,483902.0,彰化彰濱光電,99999.1
934,2019-07-24,34.55,1.2,19.45,9.91,551000.0,彰化彰濱光電,99999.1
935,2019-07-25,38.55,2.35,18.2,12.16,529699.0,彰化彰濱光電,99999.1
936,2019-07-26,17.4,0.1,5.74,3.2,539802.0,彰化彰濱光電,99999.1
937,2019-07-27,15.4,9.7,11.27,5.54,440097.0,彰化彰濱光電,99999.1
938,2019-07-28,21.65,6.45,18.69,6.35,471499.0,彰化彰濱光電,99999.1
939,2019-07-29,17.7,0.05,2.66,2.44,580903.0,彰化彰濱光電,99999.1
940,2019-07-30,24.5,1.75,12.04,4.68,543997.0,彰化彰濱光電,99999.1
941,2019-07-31,26.4,7.35,25.95,13.12,569905.0,彰化彰濱光電,99999.1
942,2019-08-01,26.65,8.0,22.27,10.61,387501.0,彰化彰濱光電,99999.1
943,2019-08-02,26.8,5.95,21.12,11.26,480695.0,彰化彰濱光電,99999.1
944,2019-08-03,25.85,3.2,13.3,7.68,538304.0,彰化彰濱光電,99999.1
945,2019-08-04,25.55,0.45,8.77,5.4,557898.0,彰化彰濱光電,99999.1
946,2019-08-05,21.45,1.05,9.26,4.91,481501.0,彰化彰濱光電,99999.1
947,2019-08-06,17.85,1.9,10.91,4.78,531296.0,彰化彰濱光電,99999.1
948,2019-08-07,10.5,9.85,17.8,2.48,500703.0,彰化彰濱光電,99999.1
949,2019-08-08,14.1,6.1,15.45,7.16,455797.0,彰化彰濱光電,99999.1
950,2019-08-09,17.75,10.25,21.98,7.3,307203.0,彰化彰濱光電,99999.1
951,2019-08-10,24.1,7.8,20.6,7.3,302696.0,彰化彰濱光電,99999.1
952,2019-08-11,24.45,4.4,17.86,7.6,348703.0,彰化彰濱光電,99999.1
953,2019-08-12,26.4,5.75,21.74,8.44,110602.0,彰化彰濱光電,99999.1
954,2019-08-13,25.4,3.8,15.26,7.84,117512.0,彰化彰濱光電,99999.1
955,2019-08-14,25.4,4.2,12.5,7.57,484602.0,彰化彰濱光電,99999.1
956,2019-08-15,26.2,4.3,16.58,6.8,182898.0,彰化彰濱光電,99999.1
957,2019-08-16,22.3,3.8,16.52,7.96,309696.0,彰化彰濱光電,99999.1
958,2019-08-17,21.65,9.45,17.82,7.18,483601.0,彰化彰濱光電,99999.1
959,2019-08-18,17.4,1.65,8.74,4.84,249704.0,彰化彰濱光電,99999.1
960,2019-08-19,19.25,4.15,12.58,5.35,175399.0,彰化彰濱光電,99999.1
961,2019-08-20,20.2,8.3,19.86,8.54,392796.0,彰化彰濱光電,99999.1
962,2019-08-21,19.05,4.75,14.68,6.01,298399.0,彰化彰濱光電,99999.1
963,2019-08-22,20.6,1.35,9.16,4.14,558897.0,彰化彰濱光電,99999.1
964,2019-08-23,25.3,7.45,22.3,6.08,513806.0,彰化彰濱光電,99999.1
965,2019-08-24,23.95,0.1,9.34,6.18,124297.0,彰化彰濱光電,99999.1
966,2019-08-25,26.75,6.65,21.04,10.49,212398.0,彰化彰濱光電,99999.1
967,2019-08-26,24.8,3.1,12.32,6.96,432703.0,彰化彰濱光電,99999.1
968,2019-08-27,26.3,4.45,16.03,5.91,549102.0,彰化彰濱光電,99999.1
969,2019-08-28,24.4,5.8,16.15,6.15,261093.0,彰化彰濱光電,99999.1
970,2019-08-29,20.25,8.2,14.04,5.1,215602.0,彰化彰濱光電,99999.1
971,2019-08-30,16.75,8.25,14.4,5.06,193999.0,彰化彰濱光電,99999.1
972,2019-08-31,15.4,5.9,12.57,5.29,364298.0,彰化彰濱光電,99999.1
973,2019-09-01,20.1,4.8,12.52,6.89,497406.0,彰化彰濱光電,99999.1
974,2019-09-02,21.2,2.4,12.21,5.32,562493.0,彰化彰濱光電,99999.1
975,2019-09-03,28.1,13.1,35.24,12.7,540000.0,彰化彰濱光電,99999.1
976,2019-09-04,38.8,12.7,32.23,12.1,343304.0,彰化彰濱光電,99999.1
977,2019-09-05,40.9,8.7,28.68,14.9,500196.0,彰化彰濱光電,99999.1
978,2019-09-06,43.05,8.45,28.65,15.09,574500.0,彰化彰濱光電,99999.1
979,2019-09-07,40.2,12.15,31.38,15.03,490398.0,彰化彰濱光電,99999.1
980,2019-09-08,39.2,6.25,18.74,10.72,542102.0,彰化彰濱光電,99999.1
981,2019-09-09,38.9,11.2,25.27,11.8,504898.0,彰化彰濱光電,99999.1
982,2019-09-10,33.45,0.55,11.36,6.99,483398.0,彰化彰濱光電,99999.1
983,2019-09-11,29.4,9.1,19.15,8.46,518000.0,彰化彰濱光電,99999.1
984,2019-09-12,17.9,14.3,25.17,9.28,516500.0,彰化彰濱光電,99999.1
985,2019-09-13,28.1,12.15,26.38,11.88,458398.0,彰化彰濱光電,99999.1
986,2019-09-14,29.85,12.25,27.96,12.74,533500.0,彰化彰濱光電,99999.1
987,2019-09-15,35.1,10.35,26.9,12.01,462501.0,彰化彰濱光電,99999.1
988,2019-09-16,42.05,12.5,33.39,16.04,479898.0,彰化彰濱光電,99999.1
989,2019-09-17,40.6,12.65,36.1,16.98,509102.0,彰化彰濱光電,99999.1
990,2019-09-18,39.2,7.2,25.92,11.55,555693.0,彰化彰濱光電,99999.1
991,2019-09-19,39.15,8.8,27.56,16.68,516307.0,彰化彰濱光電,99999.1
992,2019-09-20,39.65,5.35,21.82,11.46,395296.0,彰化彰濱光電,99999.1
993,2019-09-21,36.75,0.05,7.82,7.34,344602.0,彰化彰濱光電,99999.1
994,2019-09-22,27.6,2.1,12.08,8.46,465101.0,彰化彰濱光電,99999.1
995,2019-09-23,27.6,14.25,23.76,8.94,509399.0,彰化彰濱光電,99999.1
996,2019-09-24,20.8,11.55,22.34,8.62,510499.0,彰化彰濱光電,99999.1
997,2019-09-25,27.3,4.3,17.22,10.36,522094.0,彰化彰濱光電,99999.1
998,2019-09-26,33.3,14.05,32.35,14.85,523601.0,彰化彰濱光電,99999.1
999,2019-09-27,35.25,6.75,26.24,13.45,523297.0,彰化彰濱光電,99999.1
1000,2019-09-28,34.6,0.0,9.99,7.27,446704.0,彰化彰濱光電,99999.1
1001,2019-09-29,40.25,8.95,30.67,16.08,478195.0,彰化彰濱光電,99999.1
1002,2019-09-30,41.85,10.0,31.59,15.8,240000.0,彰化彰濱光電,99999.1
1003,2019-10-01,40.85,11.2,32.76,18.4,420805.0,彰化彰濱光電,99999.1
1004,2019-10-02,37.45,7.15,23.26,13.23,509398.0,彰化彰濱光電,99999.1
1005,2019-10-03,36.0,14.7,29.16,12.34,484297.0,彰化彰濱光電,99999.1
1006,2019-10-04,35.65,14.45,26.78,11.6,484398.0,彰化彰濱光電,99999.1
1007,2019-10-05,26.65,6.65,18.25,9.54,480602.0,彰化彰濱光電,99999.1
1008,2019-10-06,31.95,11.35,21.67,9.7,395203.0,彰化彰濱光電,99999.1
1009,2019-10-07,33.4,13.75,29.62,15.24,459797.0,彰化彰濱光電,99999.1
1010,2019-10-08,24.4,1.2,14.57,7.93,428297.0,彰化彰濱光電,99999.1
1011,2019-10-09,33.95,11.45,30.58,13.76,451101.0,彰化彰濱光電,99999.1
1012,2019-10-10,34.35,0.15,15.57,8.2,506602.0,彰化彰濱光電,99999.1
1013,2019-10-11,38.55,3.0,19.77,12.68,523196.0,彰化彰濱光電,99999.1
1014,2019-10-12,15.15,0.9,4.7,2.13,462601.0,彰化彰濱光電,99999.1
1015,2019-10-13,15.95,8.2,11.32,5.56,499898.0,彰化彰濱光電,99999.1
1016,2019-10-14,16.7,0.2,7.8,3.74,467101.0,彰化彰濱光電,99999.1
1017,2019-10-15,20.9,1.65,10.52,5.01,468899.0,彰化彰濱光電,99999.1
1018,2019-10-16,25.1,6.5,22.35,8.14,482999.0,彰化彰濱光電,99999.1
1019,2019-10-17,22.7,0.0,1.31,2.55,482695.0,彰化彰濱光電,99999.1
1020,2019-10-18,25.85,4.9,16.93,7.59,498600.0,彰化彰濱光電,99999.1
1021,2019-10-19,26.6,8.25,23.04,10.51,426002.0,彰化彰濱光電,99999.1
1022,2019-10-20,26.2,6.55,20.04,8.78,472400.0,彰化彰濱光電,99999.1
1023,2019-10-21,23.2,0.25,4.95,5.66,238398.0,彰化彰濱光電,99999.1
1024,2019-10-22,22.4,3.25,11.84,5.48,237102.0,彰化彰濱光電,99999.1
1025,2019-10-23,18.0,6.7,11.78,4.14,226703.0,彰化彰濱光電,99999.1
1026,2019-10-24,13.05,9.9,17.99,6.18,212297.0,彰化彰濱光電,99999.1
1027,2019-10-25,16.35,9.4,19.94,7.87,202703.0,彰化彰濱光電,99999.1
1028,2019-10-26,19.5,2.45,13.03,5.86,423797.0,彰化彰濱光電,99999.1
1029,2019-10-27,24.7,6.15,20.06,8.12,388000.0,彰化彰濱光電,99999.1
1030,2019-10-28,24.9,4.85,19.19,7.32,370500.0,彰化彰濱光電,99999.1
1031,2019-10-29,26.0,3.2,15.36,6.52,260102.0,彰化彰濱光電,99999.1
1032,2019-10-30,25.8,6.8,21.17,8.56,420492.0,彰化彰濱光電,99999.1
1033,2019-10-31,24.3,4.15,14.38,8.85,359203.0,彰化彰濱光電,99999.1
1034,2019-11-01,26.65,5.65,17.05,6.27,409601.0,彰化彰濱光電,99999.1
1035,2019-11-02,23.75,6.75,16.92,7.87,382399.0,彰化彰濱光電,99999.1
1036,2019-11-03,21.55,9.0,18.28,7.32,390602.0,彰化彰濱光電,99999.1
1037,2019-11-04,18.65,2.6,9.75,4.36,282398.0,彰化彰濱光電,99999.1
1038,2019-11-05,19.35,4.4,11.69,4.71,433601.0,彰化彰濱光電,99999.1
1039,2019-11-06,20.3,8.15,18.42,8.07,414095.0,彰化彰濱光電,99999.1
1040,2019-11-07,19.1,4.95,16.46,6.42,411304.0,彰化彰濱光電,99999.1
1041,2019-11-08,22.95,6.25,20.34,8.44,428297.0,彰化彰濱光電,99999.1
1042,2019-11-09,25.55,7.35,22.36,-43.84,422797.0,彰化彰濱光電,99999.1
1043,2019-11-10,23.45,0.4,7.82,5.04,400398.0,彰化彰濱光電,99999.1
1044,2019-11-11,27.05,7.25,22.37,9.93,402102.0,彰化彰濱光電,99999.1
1045,2019-11-12,26.25,3.85,16.62,7.74,383797.0,彰化彰濱光電,99999.1
1046,2019-11-13,26.5,4.4,17.91,8.27,369101.0,彰化彰濱光電,99999.1
1047,2019-11-14,23.4,3.55,11.08,4.18,320202.0,彰化彰濱光電,99999.1
1048,2019-11-15,19.55,4.7,11.98,4.57,370001.0,彰化彰濱光電,99999.1
1049,2019-11-16,18.35,9.6,15.76,5.59,362695.0,彰化彰濱光電,99999.1
1050,2019-11-17,16.55,9.65,16.86,5.4,385899.0,彰化彰濱光電,99999.1
1051,2019-11-18,20.7,6.9,15.38,6.75,303305.0,彰化彰濱光電,99999.1
1052,2019-11-19,16.85,0.55,4.35,2.34,191102.0,彰化彰濱光電,99999.1
1053,2019-11-20,28.4,4.05,21.78,10.15,192796.0,彰化彰濱光電,99999.1
1054,2019-11-21,39.25,11.9,33.72,13.92,353102.0,彰化彰濱光電,99999.1
1055,2019-11-22,39.75,7.9,24.26,14.76,271000.0,彰化彰濱光電,99999.1
1056,2019-11-23,41.85,6.1,22.82,12.26,211196.0,彰化彰濱光電,99999.1
1057,2019-11-24,40.1,8.8,25.18,12.56,351600.0,彰化彰濱光電,99999.1
1058,2019-11-25,40.65,12.35,28.24,10.96,301601.0,彰化彰濱光電,99999.1
1059,2019-11-26,38.7,10.55,25.25,12.84,309299.0,彰化彰濱光電,99999.1
1060,2019-11-27,33.35,0.35,10.62,7.21,320797.0,彰化彰濱光電,99999.1
1061,2019-11-28,27.5,12.5,21.42,8.62,333203.0,彰化彰濱光電,99999.1
1062,2019-11-29,20.6,14.65,25.72,9.41,313194.0,彰化彰濱光電,99999.1
1063,2019-11-30,27.0,10.0,25.01,11.26,337602.0,彰化彰濱光電,99999.1
1064,2019-12-01,29.55,14.8,31.4,13.78,277398.0,彰化彰濱光電,99999.1
1065,2019-12-02,33.3,5.9,26.28,12.7,336602.0,彰化彰濱光電,99999.1
1066,2019-12-03,41.05,10.4,31.12,13.41,270399.0,彰化彰濱光電,99999.1
1067,2019-12-04,41.4,12.75,36.83,17.2,187500.0,彰化彰濱光電,99999.1
1068,2019-12-05,40.7,12.15,36.17,15.69,33397.0,彰化彰濱光電,99999.1
1069,2019-12-06,39.0,8.75,26.53,14.53,75601.0,彰化彰濱光電,99999.1
1070,2019-12-07,41.4,13.25,32.33,15.67,423399.0,彰化彰濱光電,99999.1
1071,2019-12-08,36.45,0.05,8.3,4.87,468203.0,彰化彰濱光電,99999.1
1072,2019-12-09,28.7,12.35,23.51,9.46,284001.0,彰化彰濱光電,99999.1
1073,2019-12-10,28.8,14.35,23.46,8.69,422101.0,彰化彰濱光電,99999.1
1074,2019-12-11,21.4,14.2,23.88,8.96,422000.0,彰化彰濱光電,99999.1
1075,2019-12-12,22.15,2.3,9.98,5.88,439399.0,彰化彰濱光電,99999.1
1076,2019-12-13,33.0,4.85,19.52,8.67,431398.0,彰化彰濱光電,99999.1
1077,2019-12-14,35.3,11.9,31.1,13.65,442798.0,彰化彰濱光電,99999.1
1078,2019-12-15,32.45,0.0,8.01,5.52,428499.0,彰化彰濱光電,99999.1
1079,2019-12-16,40.4,7.55,27.79,15.12,429001.0,彰化彰濱光電,99999.1
1080,2019-12-17,41.55,4.9,22.86,13.32,422000.0,彰化彰濱光電,99999.1
1081,2019-12-18,41.3,10.3,29.24,14.14,375296.0,彰化彰濱光電,99999.1
1082,2019-12-19,39.05,13.15,31.91,15.6,221600.0,彰化彰濱光電,99999.1
1083,2019-12-20,36.4,12.2,26.53,11.72,255704.0,彰化彰濱光電,99999.1
1084,2019-12-21,34.4,12.0,23.54,11.04,112899.0,彰化彰濱光電,99999.1
1085,2019-12-22,24.5,1.65,8.62,6.38,356196.0,彰化彰濱光電,99999.1
1086,2019-12-23,33.15,8.15,18.95,9.26,407499.0,彰化彰濱光電,99999.1
1087,2019-12-24,22.85,0.1,7.18,6.52,268500.0,彰化彰濱光電,99999.1
1088,2019-12-25,26.35,8.1,23.46,11.84,409103.0,彰化彰濱光電,99999.1
1089,2019-12-26,35.9,13.1,32.08,14.57,382397.0,彰化彰濱光電,99999.1
1090,2019-12-27,33.5,0.0,8.53,5.22,406500.0,彰化彰濱光電,99999.1
1091,2019-12-28,38.2,0.05,14.07,7.86,274899.0,彰化彰濱光電,99999.1
1092,2019-12-29,14.75,0.05,4.44,2.22,14898.0,彰化彰濱光電,99999.1
1093,2019-12-30,15.55,9.0,11.74,6.2,84703.0,彰化彰濱光電,99999.1
1094,2019-12-31,16.75,0.85,8.52,3.24,332602.0,彰化彰濱光電,99999.1
1095,2020-01-01,22.45,3.3,9.99,4.48,359094.0,彰化彰濱光電,99999.1
1096,2020-01-02,24.05,3.75,17.72,6.66,453501.0,彰化彰濱光電,99999.1
1097,2020-01-03,21.75,0.0,3.24,2.5,409907.0,彰化彰濱光電,99999.1
1098,2020-01-04,26.6,9.0,25.08,10.33,394492.0,彰化彰濱光電,99999.1
1099,2020-01-05,26.7,8.75,24.05,9.47,275500.0,彰化彰濱光電,99999.1
1100,2020-01-06,26.45,7.9,20.68,7.7,226204.0,彰化彰濱光電,99999.1
1101,2020-01-07,22.5,0.0,2.16,2.12,361701.0,彰化彰濱光電,99999.1
1102,2020-01-08,22.05,5.3,12.57,5.32,454095.0,彰化彰濱光電,99999.1
1103,2020-01-09,18.25,6.4,13.36,5.24,427385.0,彰化彰濱光電,99999.1
1104,2020-01-10,15.4,9.7,17.96,6.21,371215.0,彰化彰濱光電,99999.1
1105,2020-01-11,19.3,10.15,21.34,8.56,364102.0,彰化彰濱光電,99999.1
1106,2020-01-12,19.35,1.45,10.86,5.51,410296.0,彰化彰濱光電,99999.1
1107,2020-01-13,21.75,3.45,16.73,7.56,426704.0,彰化彰濱光電,99999.1
1108,2020-01-14,25.35,5.5,19.3,8.34,440391.0,彰化彰濱光電,99999.1
1109,2020-01-15,25.15,2.2,13.44,8.07,406999.0,彰化彰濱光電,99999.1
1110,2020-01-16,25.7,2.15,15.16,7.58,434297.0,彰化彰濱光電,99999.1
1111,2020-01-17,24.25,0.0,8.57,4.06,405203.0,彰化彰濱光電,99999.1
1112,2020-01-18,26.0,0.0,3.98,2.76,430406.0,彰化彰濱光電,99999.1
1113,2020-01-19,24.05,6.4,18.06,7.9,391798.0,彰化彰濱光電,99999.1
1114,2020-01-20,21.4,8.3,15.32,6.54,385406.0,彰化彰濱光電,99999.1
1115,2020-01-21,19.35,6.0,11.07,4.37,424595.0,彰化彰濱光電,99999.1
1116,2020-01-22,19.05,3.5,13.26,6.76,279500.0,彰化彰濱光電,99999.1
1117,2020-01-23,20.5,7.8,18.3,8.04,399889.0,彰化彰濱光電,99999.1
1118,2020-01-24,17.05,0.15,6.15,4.88,170704.0,彰化彰濱光電,99999.1
1119,2020-01-25,20.65,0.4,8.46,4.1,225906.0,彰化彰濱光電,99999.1
1120,2020-01-26,25.45,4.45,18.19,-45.66,119203.0,彰化彰濱光電,99999.1
1121,2020-01-27,25.45,8.0,25.12,11.0,412000.0,彰化彰濱光電,99999.1
1122,2020-01-28,27.5,6.7,23.56,10.89,164001.0,彰化彰濱光電,99999.1
1123,2020-01-29,24.05,0.45,5.57,4.19,412093.0,彰化彰濱光電,99999.1
1124,2020-01-30,25.35,2.65,14.1,7.85,538500.0,彰化彰濱光電,99999.1
1125,2020-01-31,23.1,7.5,16.72,6.4,522296.0,彰化彰濱光電,99999.1
1126,2020-02-01,20.05,5.85,13.4,4.58,499749.0,彰化彰濱光電,99999.1
1127,2020-02-02,19.15,9.55,15.74,5.55,436302.0,彰化彰濱光電,99999.1
1128,2020-02-03,16.45,9.65,16.42,5.59,439157.0,彰化彰濱光電,99999.1
1129,2020-02-04,21.4,5.55,14.44,6.72,46252.0,彰化彰濱光電,99999.1
1130,2020-02-05,16.0,4.75,14.28,6.32,516285.0,彰化彰濱光電,99999.1
1131,2020-02-06,29.65,8.5,27.25,12.5,474568.0,彰化彰濱光電,99999.1
1132,2020-02-07,40.55,14.5,37.87,15.38,327140.0,彰化彰濱光電,99999.1
1133,2020-02-08,40.35,11.6,32.96,17.58,464508.0,彰化彰濱光電,99999.1
1134,2020-02-09,41.55,7.35,26.6,16.43,277808.0,彰化彰濱光電,99999.1
1135,2020-02-10,37.4,1.5,15.2,10.62,447827.0,彰化彰濱光電,99999.1
1136,2020-02-11,41.0,12.55,29.69,13.67,174722.0,彰化彰濱光電,99999.1
1137,2020-02-12,38.15,8.1,21.44,10.06,334842.0,彰化彰濱光電,99999.1
1138,2020-02-13,33.85,3.85,15.45,8.4,136142.0,彰化彰濱光電,99999.1
1140,2020-02-15,22.0,14.45,25.11,9.13,45134.0,彰化彰濱光電,99999.1
1141,2020-02-16,26.9,14.65,30.42,12.2,136327.0,彰化彰濱光電,99999.1
1142,2020-02-17,30.2,11.35,29.82,14.7,483558.0,彰化彰濱光電,99999.1
1143,2020-02-18,33.3,12.9,31.34,14.44,495559.0,彰化彰濱光電,99999.1
1144,2020-02-19,41.85,15.5,38.77,17.72,514337.0,彰化彰濱光電,99999.1
1145,2020-02-20,41.45,8.85,28.66,14.65,395453.0,彰化彰濱光電,99999.1
1146,2020-02-21,39.0,5.0,21.92,12.04,282329.0,彰化彰濱光電,99999.1
1147,2020-02-22,39.6,6.5,21.74,16.07,314572.0,彰化彰濱光電,99999.1
1148,2020-02-23,40.2,11.85,30.5,14.38,500877.0,彰化彰濱光電,99999.1
1149,2020-02-24,38.75,10.4,26.27,11.75,345027.0,彰化彰濱光電,99999.1
1150,2020-02-25,30.85,8.35,19.7,8.95,507810.0,彰化彰濱光電,99999.1
1151,2020-02-26,29.65,14.15,22.93,8.5,507119.0,彰化彰濱光電,99999.1
1152,2020-02-27,24.65,12.7,23.88,9.18,476785.0,彰化彰濱光電,99999.1
1153,2020-02-28,23.45,6.55,21.61,10.07,266975.0,彰化彰濱光電,99999.1
1154,2020-02-29,33.1,16.25,33.39,13.53,370646.0,彰化彰濱光電,99999.1
1155,2020-03-01,31.85,10.6,30.36,12.4,352650.0,彰化彰濱光電,99999.1
1156,2020-03-02,30.25,0.0,8.35,5.03,516553.0,彰化彰濱光電,99999.1
1157,2020-03-03,38.35,1.2,17.08,11.89,506107.0,彰化彰濱光電,99999.1
1158,2020-03-04,38.35,0.45,11.86,7.3,270186.0,彰化彰濱光電,99999.1
1159,2020-03-05,41.55,6.7,24.12,14.92,257457.0,彰化彰濱光電,99999.1
1160,2020-03-06,39.65,14.7,32.38,14.55,354478.0,彰化彰濱光電,99999.1
1161,2020-03-07,36.55,5.5,20.72,11.9,515817.0,彰化彰濱光電,99999.1
1162,2020-03-08,34.55,13.35,23.91,11.14,368296.0,彰化彰濱光電,99999.1
1163,2020-03-09,26.6,4.5,15.86,8.4,497245.0,彰化彰濱光電,99999.1
1164,2020-03-10,28.05,13.15,24.46,10.24,361279.0,彰化彰濱光電,99999.1
1165,2020-03-11,20.25,2.5,15.28,8.26,358114.0,彰化彰濱光電,99999.1
1166,2020-03-12,29.35,13.6,30.57,13.38,148741.0,彰化彰濱光電,99999.1
1167,2020-03-13,35.15,1.6,14.12,7.24,283705.0,彰化彰濱光電,99999.1
1168,2020-03-14,34.6,0.65,19.05,10.52,235360.0,彰化彰濱光電,99999.1
1169,2020-03-15,38.1,0.9,16.51,9.18,609102.0,彰化彰濱光電,99999.1
1170,2020-03-16,15.05,2.35,9.42,3.97,570588.0,彰化彰濱光電,99999.1
1171,2020-03-17,16.9,9.4,11.84,6.15,520762.0,彰化彰濱光電,99999.1
1172,2020-03-18,16.6,0.15,6.52,3.7,214663.0,彰化彰濱光電,99999.1
1173,2020-03-19,23.4,4.85,11.34,6.44,214803.0,彰化彰濱光電,99999.1
1174,2020-03-20,20.7,0.0,4.53,2.26,353498.0,彰化彰濱光電,99999.1
1175,2020-03-21,22.8,0.4,8.64,6.08,391347.0,彰化彰濱光電,99999.1
1176,2020-03-22,25.9,5.5,19.6,9.43,466305.0,彰化彰濱光電,99999.1
1177,2020-03-23,26.55,7.05,20.92,9.7,487414.0,彰化彰濱光電,99999.1
1178,2020-03-24,26.55,10.15,23.38,8.63,509314.0,彰化彰濱光電,99999.1
1179,2020-03-25,25.3,6.75,17.42,8.04,356065.0,彰化彰濱光電,99999.1
1180,2020-03-26,23.05,9.4,16.77,6.7,545542.0,彰化彰濱光電,99999.1
1181,2020-03-27,16.05,0.95,6.41,3.53,443831.0,彰化彰濱光電,99999.1
1182,2020-03-28,18.3,5.1,14.26,5.57,281367.0,彰化彰濱光電,99999.1
1183,2020-03-29,20.5,7.0,19.05,8.78,499921.0,彰化彰濱光電,99999.1
1184,2020-03-30,19.7,7.0,18.62,6.94,162520.0,彰化彰濱光電,99999.1
1185,2020-03-31,20.0,3.55,17.11,6.94,398626.0,彰化彰濱光電,99999.1
1186,2020-04-01,25.8,6.25,21.1,8.2,435097.0,彰化彰濱光電,99999.1
1187,2020-04-02,25.75,5.95,21.44,7.73,224982.0,彰化彰濱光電,99999.1
1188,2020-04-03,26.9,6.8,21.06,9.35,284719.0,彰化彰濱光電,99999.1
1189,2020-04-04,25.2,2.25,14.39,6.08,353816.0,彰化彰濱光電,99999.1
1190,2020-04-05,26.3,0.8,10.7,6.3,144803.0,彰化彰濱光電,99999.1
1191,2020-04-06,23.6,5.05,15.65,6.47,139645.0,彰化彰濱光電,99999.1
1192,2020-04-07,22.5,4.4,12.04,5.75,599834.0,彰化彰濱光電,99999.1
1193,2020-04-08,19.75,4.6,11.76,5.12,526204.0,彰化彰濱光電,99999.1
1194,2020-04-09,16.35,0.0,4.38,3.24,584438.0,彰化彰濱光電,99999.1
1195,2020-04-10,19.3,4.6,15.63,8.09,576333.0,彰化彰濱光電,99999.1
1196,2020-04-11,18.35,0.15,6.36,3.64,158299.0,彰化彰濱光電,99999.1
1197,2020-04-12,18.9,0.0,2.22,1.58,622851.0,彰化彰濱光電,99999.1
1198,2020-04-13,24.2,1.25,8.48,5.9,669507.0,彰化彰濱光電,99999.1
1199,2020-04-14,25.05,6.55,21.59,10.28,377214.0,彰化彰濱光電,99999.1
1200,2020-04-15,27.6,6.35,21.74,10.09,546733.0,彰化彰濱光電,99999.1
1201,2020-04-16,24.2,1.25,10.21,6.0,613961.0,彰化彰濱光電,99999.1
1202,2020-04-17,25.1,1.4,11.31,5.99,604500.0,彰化彰濱光電,99999.1
1203,2020-04-18,22.55,7.0,16.46,6.3,461804.0,彰化彰濱光電,99999.1
1204,2020-04-19,20.1,9.5,16.64,5.57,419529.0,彰化彰濱光電,99999.1
1205,2020-04-20,19.25,9.5,15.46,5.74,537358.0,彰化彰濱光電,99999.1
1206,2020-04-21,17.45,8.15,16.14,5.92,336043.0,彰化彰濱光電,99999.1
1207,2020-04-22,16.6,1.35,5.72,3.34,349537.0,彰化彰濱光電,99999.1
1208,2020-04-23,17.4,9.1,19.66,7.64,271858.0,彰化彰濱光電,99999.1
1209,2020-04-24,29.75,11.15,28.98,10.99,209534.0,彰化彰濱光電,99999.1
1210,2020-04-25,38.4,5.55,22.63,13.09,362775.0,彰化彰濱光電,99999.1
1211,2020-04-26,40.95,13.4,37.75,17.02,335361.0,彰化彰濱光電,99999.1
1212,2020-04-27,41.2,5.9,22.04,10.7,256748.0,彰化彰濱光電,99999.1
1213,2020-04-28,39.0,9.35,29.43,16.15,499994.0,彰化彰濱光電,99999.1
1214,2020-04-29,41.65,12.95,29.5,13.38,628223.0,彰化彰濱光電,99999.1
1215,2020-04-30,37.85,6.75,19.27,10.58,621376.0,彰化彰濱光電,99999.1
1216,2020-05-01,34.75,6.0,18.41,8.62,523959.0,彰化彰濱光電,99999.1
1217,2020-05-02,26.4,6.6,17.53,7.98,559566.0,彰化彰濱光電,99999.1
1218,2020-05-03,23.65,14.15,23.7,8.41,556339.0,彰化彰濱光電,99999.1
1219,2020-05-04,28.05,14.35,30.02,11.81,585322.0,彰化彰濱光電,99999.1
1220,2020-05-05,33.95,16.1,34.55,15.91,578498.0,彰化彰濱光電,99999.1
1221,2020-05-06,34.6,10.6,30.9,13.37,475575.0,彰化彰濱光電,99999.1
1222,2020-05-07,43.1,14.9,38.89,17.93,542437.0,彰化彰濱光電,99999.1
1223,2020-05-08,39.3,1.85,15.08,10.47,542920.0,彰化彰濱光電,99999.1
1224,2020-05-09,38.25,8.25,26.06,14.63,533674.0,彰化彰濱光電,99999.1
1225,2020-05-10,40.95,11.8,33.21,16.61,561523.0,彰化彰濱光電,99999.1
1226,2020-05-11,39.65,9.9,27.6,13.44,425529.0,彰化彰濱光電,99999.1
1227,2020-05-12,39.15,9.65,22.09,9.64,199614.0,彰化彰濱光電,99999.1
1228,2020-05-13,32.1,9.55,21.99,9.94,576270.0,彰化彰濱光電,99999.1
1229,2020-05-14,30.6,13.75,22.94,7.99,569107.0,彰化彰濱光電,99999.1
1230,2020-05-15,26.75,14.4,24.69,9.32,588077.0,彰化彰濱光電,99999.1
1231,2020-05-16,25.05,14.7,29.43,11.49,467147.0,彰化彰濱光電,99999.1
1232,2020-05-17,32.75,11.75,28.73,12.89,591678.0,彰化彰濱光電,99999.1
1233,2020-05-18,29.65,1.55,15.94,9.75,265401.0,彰化彰濱光電,99999.1
1234,2020-05-19,26.25,0.0,6.5,4.48,78019.0,彰化彰濱光電,99999.1
1235,2020-05-20,38.7,4.65,24.24,15.84,399695.0,彰化彰濱光電,99999.1
1236,2020-05-21,40.7,11.0,28.12,15.14,144672.0,彰化彰濱光電,99999.1
1237,2020-05-22,41.1,8.55,26.82,14.82,51800.0,彰化彰濱光電,99999.1
1238,2020-05-23,39.3,13.3,30.8,14.94,312011.0,彰化彰濱光電,99999.1
1239,2020-05-24,36.85,0.0,5.78,4.87,609320.0,彰化彰濱光電,99999.1
1240,2020-05-25,34.0,8.05,19.58,10.02,555340.0,彰化彰濱光電,99999.1
1241,2020-05-26,29.65,7.85,19.58,9.98,336892.0,彰化彰濱光電,99999.1
1242,2020-05-27,21.15,3.25,13.9,6.95,203387.0,彰化彰濱光電,99999.1
1243,2020-05-28,22.9,10.8,25.82,12.74,316992.0,彰化彰濱光電,99999.1
1244,2020-05-29,31.1,12.65,29.16,11.75,456470.0,彰化彰濱光電,99999.1
1245,2020-05-30,36.4,14.65,36.58,15.05,546952.0,彰化彰濱光電,99999.1
1246,2020-05-31,36.45,5.9,28.11,14.86,508263.0,彰化彰濱光電,99999.1
1247,2020-06-01,39.35,1.65,18.46,11.04,589238.0,彰化彰濱光電,99999.1
1248,2020-06-02,16.4,7.55,15.79,5.4,606258.0,彰化彰濱光電,99999.1
1249,2020-06-03,18.2,9.4,19.52,6.12,617903.0,彰化彰濱光電,99999.1
1250,2020-06-04,17.95,2.6,10.19,4.42,556531.0,彰化彰濱光電,99999.1
1251,2020-06-05,24.4,7.65,12.09,7.01,531227.0,彰化彰濱光電,99999.1
1252,2020-06-06,21.75,1.2,11.31,4.89,477733.0,彰化彰濱光電,99999.1
1253,2020-06-07,22.45,0.0,3.16,2.1,170668.0,彰化彰濱光電,99999.1
1254,2020-06-08,25.55,0.05,9.9,5.3,71357.0,彰化彰濱光電,99999.1
1255,2020-06-09,26.75,8.45,22.25,9.18,186581.0,彰化彰濱光電,99999.1
1256,2020-06-10,26.1,8.55,20.46,7.85,504718.0,彰化彰濱光電,99999.1
1257,2020-06-11,25.15,7.2,16.81,7.68,330970.0,彰化彰濱光電,99999.1
1258,2020-06-12,23.55,8.85,17.08,6.69,596679.0,彰化彰濱光電,99999.1
1259,2020-06-13,13.6,0.0,4.77,2.21,548966.0,彰化彰濱光電,99999.1
1260,2020-06-14,19.5,4.9,13.9,5.7,444710.0,彰化彰濱光電,99999.1
1261,2020-06-15,18.3,7.6,18.34,6.91,615351.0,彰化彰濱光電,99999.1
1262,2020-06-16,19.85,8.8,22.04,7.66,616963.0,彰化彰濱光電,99999.1
1263,2020-06-17,18.25,1.85,10.18,4.31,605932.0,彰化彰濱光電,99999.1
1264,2020-06-18,26.35,8.55,25.2,9.22,598647.0,彰化彰濱光電,99999.1
1265,2020-06-19,24.35,1.6,10.78,6.6,540010.0,彰化彰濱光電,99999.1
1266,2020-06-20,28.45,7.95,25.36,9.57,600730.0,彰化彰濱光電,99999.1
1267,2020-06-21,25.95,5.1,19.96,9.46,505929.0,彰化彰濱光電,99999.1
1268,2020-06-22,26.85,8.25,23.68,9.94,570528.0,彰化彰濱光電,99999.1
1269,2020-06-23,22.05,1.9,12.59,7.66,559776.0,彰化彰濱光電,99999.1
1270,2020-06-24,21.8,1.05,9.04,5.08,518670.0,彰化彰濱光電,99999.1
1271,2020-06-25,17.65,6.55,13.82,5.93,539366.0,彰化彰濱光電,99999.1
1272,2020-06-26,15.45,4.45,12.62,6.18,519964.0,彰化彰濱光電,99999.1
1273,2020-06-27,18.55,6.9,17.23,7.92,600279.0,彰化彰濱光電,99999.1
1274,2020-06-28,18.85,0.95,9.18,5.54,598492.0,彰化彰濱光電,99999.1
1275,2020-06-29,21.95,8.25,24.86,10.55,470132.0,彰化彰濱光電,99999.1
1276,2020-06-30,23.7,0.45,5.32,4.16,562060.0,彰化彰濱光電,99999.1
1277,2020-07-01,24.95,3.85,17.12,8.4,348575.0,彰化彰濱光電,99999.1
1278,2020-07-02,29.55,10.7,27.4,11.98,547353.0,彰化彰濱光電,99999.1
1279,2020-07-03,23.7,0.75,8.86,4.95,532109.0,彰化彰濱光電,99999.1
1280,2020-07-04,25.3,3.4,14.32,7.35,520503.0,彰化彰濱光電,99999.1
1281,2020-07-05,22.65,6.05,14.64,5.58,594606.0,彰化彰濱光電,99999.1
1282,2020-07-06,21.4,10.0,17.71,6.18,561504.0,彰化彰濱光電,99999.1
1283,2020-07-07,20.25,9.2,14.96,5.8,546356.0,彰化彰濱光電,99999.1
1284,2020-07-08,15.95,9.65,16.81,6.08,506421.0,彰化彰濱光電,99999.1
1285,2020-07-09,12.15,3.2,10.44,4.44,387090.0,彰化彰濱光電,99999.1
1286,2020-07-10,19.2,8.15,20.1,7.78,534153.0,彰化彰濱光電,99999.1
1287,2020-07-11,32.35,10.85,32.54,12.55,590735.0,彰化彰濱光電,99999.1
1288,2020-07-12,39.4,15.15,38.12,16.13,597130.0,彰化彰濱光電,99999.1
1289,2020-07-13,41.25,12.55,35.66,17.32,592878.0,彰化彰濱光電,99999.1
1290,2020-07-14,41.85,9.7,29.67,16.67,587272.0,彰化彰濱光電,99999.1
1291,2020-07-15,40.4,9.2,30.06,16.13,401320.0,彰化彰濱光電,99999.1
1292,2020-07-16,41.75,10.75,25.2,9.9,301737.0,彰化彰濱光電,99999.1
1293,2020-07-17,36.4,3.6,15.82,9.35,574137.0,彰化彰濱光電,99999.1
1294,2020-07-18,35.15,11.1,20.29,9.27,587616.0,彰化彰濱光電,99999.1
1295,2020-07-19,26.9,9.5,19.31,8.22,547691.0,彰化彰濱光電,99999.1
1296,2020-07-20,21.75,14.45,25.46,9.98,573793.0,彰化彰濱光電,99999.1
1297,2020-07-21,25.4,13.85,28.3,11.12,598351.0,彰化彰濱光電,99999.1
1298,2020-07-22,33.5,12.75,29.39,13.14,592800.0,彰化彰濱光電,99999.1
1299,2020-07-23,35.05,6.5,24.67,13.03,516863.0,彰化彰濱光電,99999.1
1300,2020-07-24,42.5,13.1,35.86,16.05,557656.0,彰化彰濱光電,99999.1
1301,2020-07-25,41.05,9.55,30.27,17.41,440436.0,彰化彰濱光電,99999.1
1302,2020-07-26,39.65,10.75,31.68,14.5,438796.0,彰化彰濱光電,99999.1
1303,2020-07-27,41.1,12.65,33.6,18.26,511334.0,彰化彰濱光電,99999.1
1304,2020-07-28,40.15,9.55,25.26,12.64,431242.0,彰化彰濱光電,99999.1
1305,2020-07-29,35.1,9.15,23.82,10.07,582767.0,彰化彰濱光電,99999.1
1306,2020-07-30,33.3,10.6,22.2,9.68,300564.0,彰化彰濱光電,99999.1
1307,2020-07-31,27.9,14.2,23.82,8.48,490694.0,彰化彰濱光電,99999.1
1308,2020-08-01,26.25,1.3,13.94,6.94,560709.0,彰化彰濱光電,99999.1
1309,2020-08-02,24.7,5.7,18.6,8.62,603419.0,彰化彰濱光電,99999.1
1310,2020-08-03,33.85,7.4,23.87,12.46,204594.0,彰化彰濱光電,99999.1
1311,2020-08-04,28.2,1.35,17.27,11.13,199911.0,彰化彰濱光電,99999.1
1312,2020-08-05,28.9,0.15,12.22,6.58,562330.0,彰化彰濱光電,99999.1
1313,2020-08-06,39.25,5.6,24.77,13.36,594345.0,彰化彰濱光電,99999.1
1314,2020-08-07,41.65,8.0,26.87,13.46,469632.0,彰化彰濱光電,99999.1
1315,2020-08-08,39.2,3.65,18.08,12.8,521441.0,彰化彰濱光電,99999.1
1316,2020-08-09,38.75,13.8,31.58,15.38,572429.0,彰化彰濱光電,99999.1
1317,2020-08-10,36.4,10.0,25.8,14.19,406791.0,彰化彰濱光電,99999.1
1318,2020-08-11,35.0,12.2,22.59,10.53,246969.0,彰化彰濱光電,99999.1
1319,2020-08-12,20.8,0.3,7.38,7.02,456433.0,彰化彰濱光電,99999.1
1320,2020-08-13,22.1,13.1,24.67,10.54,604464.0,彰化彰濱光電,99999.1
1321,2020-08-14,24.95,14.7,29.24,13.54,598598.0,彰化彰濱光電,99999.1
1322,2020-08-15,30.8,13.25,29.09,12.12,299645.0,彰化彰濱光電,99999.1
1323,2020-08-16,36.65,15.1,36.33,14.19,587461.0,彰化彰濱光電,99999.1
1324,2020-08-17,38.6,8.0,27.4,14.05,558259.0,彰化彰濱光電,99999.1
1325,2020-08-18,38.6,1.15,14.87,11.05,510202.0,彰化彰濱光電,99999.1
1326,2020-08-19,17.9,8.3,17.44,5.62,576038.0,彰化彰濱光電,99999.1
1327,2020-08-20,18.5,10.15,21.24,6.28,532868.0,彰化彰濱光電,99999.1
1328,2020-08-21,19.85,2.6,13.76,4.92,569453.0,彰化彰濱光電,99999.1
1329,2020-08-22,24.6,4.35,10.88,7.24,486556.0,彰化彰濱光電,99999.1
1330,2020-08-23,23.8,4.9,18.74,5.96,533607.0,彰化彰濱光電,99999.1
1331,2020-08-24,21.95,0.0,4.16,4.0,545904.0,彰化彰濱光電,99999.1
1332,2020-08-25,27.25,7.1,23.15,10.82,544644.0,彰化彰濱光電,99999.1
1333,2020-08-26,27.0,7.65,22.12,8.99,232483.0,彰化彰濱光電,99999.1
1334,2020-08-27,26.25,9.25,22.47,8.57,231323.0,彰化彰濱光電,99999.1
1335,2020-08-28,24.45,6.35,16.78,8.36,345071.0,彰化彰濱光電,99999.1
1336,2020-08-29,22.25,7.95,15.74,6.05,555023.0,彰化彰濱光電,99999.1
1337,2020-08-30,15.0,0.75,9.46,3.64,434592.0,彰化彰濱光電,99999.1
1338,2020-08-31,20.0,1.6,10.49,5.65,460963.0,彰化彰濱光電,99999.1
1339,2020-09-01,19.1,9.45,20.35,7.44,524697.0,彰化彰濱光電,99999.1
1340,2020-09-02,19.95,8.3,20.71,7.6,505930.0,彰化彰濱光電,99999.1
1341,2020-09-03,20.55,7.3,21.42,8.7,439641.0,彰化彰濱光電,99999.1
1342,2020-09-04,26.05,9.9,26.9,9.48,550869.0,彰化彰濱光電,99999.1
1343,2020-09-05,24.05,0.35,8.17,5.01,422544.0,彰化彰濱光電,99999.1
1344,2020-09-06,27.55,6.0,19.52,4.79,596907.0,彰化彰濱光電,99999.1
1345,2020-09-07,24.75,3.1,12.06,6.02,531868.0,彰化彰濱光電,99999.1
1346,2020-09-08,25.9,5.9,17.99,7.75,520118.0,彰化彰濱光電,99999.1
1347,2020-09-09,22.7,3.55,15.2,6.9,380131.0,彰化彰濱光電,99999.1
1348,2020-09-10,22.3,5.05,11.39,4.5,419962.0,彰化彰濱光電,99999.1
1349,2020-09-11,16.9,9.25,16.4,5.58,440052.0,彰化彰濱光電,99999.1
1350,2020-09-12,16.35,7.55,15.53,6.41,389327.0,彰化彰濱光電,99999.1
1351,2020-09-13,19.2,3.95,14.24,6.06,547517.0,彰化彰濱光電,99999.1
1352,2020-09-14,19.65,1.85,11.22,5.29,550320.0,彰化彰濱光電,99999.1
1353,2020-09-15,22.75,5.45,20.09,9.21,524430.0,彰化彰濱光電,99999.1
1354,2020-09-16,23.5,0.05,4.39,3.3,548122.0,彰化彰濱光電,99999.1
1355,2020-09-17,26.05,5.1,19.58,11.82,430472.0,彰化彰濱光電,99999.1
1356,2020-09-18,25.6,0.0,6.19,4.2,536428.0,彰化彰濱光電,99999.1
1357,2020-09-19,23.8,1.55,10.3,6.64,530409.0,彰化彰濱光電,99999.1
1358,2020-09-20,25.3,5.55,18.61,7.74,561332.0,彰化彰濱光電,99999.1
1359,2020-09-21,22.9,8.1,17.16,7.2,567657.0,彰化彰濱光電,99999.1
1360,2020-09-22,21.9,9.7,17.1,6.18,529747.0,彰化彰濱光電,99999.1
1361,2020-09-23,19.95,9.15,15.18,5.74,517737.0,彰化彰濱光電,99999.1
1362,2020-09-24,15.0,7.65,15.32,5.64,426338.0,彰化彰濱光電,99999.1
1363,2020-09-25,13.1,5.6,13.54,6.94,336278.0,彰化彰濱光電,99999.1
1364,2020-09-26,19.05,2.8,10.21,5.65,397822.0,彰化彰濱光電,99999.1
1365,2020-09-27,34.8,9.05,27.84,11.68,191115.0,彰化彰濱光電,99999.1
1366,2020-09-28,36.3,0.45,11.74,8.7,170209.0,彰化彰濱光電,99999.1
1367,2020-09-29,41.8,14.4,38.54,17.16,498241.0,彰化彰濱光電,99999.1
1368,2020-09-30,42.4,13.6,36.99,18.6,341404.0,彰化彰濱光電,99999.1
1369,2020-10-01,40.1,8.1,29.14,16.72,534101.0,彰化彰濱光電,99999.1
1370,2020-10-02,41.8,12.2,28.59,12.15,519015.0,彰化彰濱光電,99999.1
1371,2020-10-03,35.65,10.0,22.6,11.28,532433.0,彰化彰濱光電,99999.1
1372,2020-10-04,35.35,14.75,24.4,9.88,512756.0,彰化彰濱光電,99999.1
1373,2020-10-05,28.1,11.95,21.2,8.31,515025.0,彰化彰濱光電,99999.1
1374,2020-10-06,19.95,14.3,23.79,8.96,503063.0,彰化彰濱光電,99999.1
1375,2020-10-07,22.95,9.3,24.49,9.92,477333.0,彰化彰濱光電,99999.1
1376,2020-10-08,32.95,15.35,32.44,14.6,459894.0,彰化彰濱光電,99999.1
1377,2020-10-09,33.75,4.7,21.74,11.07,443601.0,彰化彰濱光電,99999.1
1378,2020-10-10,42.2,8.45,32.14,15.87,454690.0,彰化彰濱光電,99999.1
1379,2020-10-11,41.5,10.05,30.35,15.26,427304.0,彰化彰濱光電,99999.1
1380,2020-10-12,39.8,7.0,24.68,11.82,412322.0,彰化彰濱光電,99999.1
1381,2020-10-13,39.6,1.55,17.99,9.19,415681.0,彰化彰濱光電,99999.1
1382,2020-10-14,41.25,10.35,26.7,11.14,346733.0,彰化彰濱光電,99999.1
1383,2020-10-15,34.45,7.8,22.24,11.06,381438.0,彰化彰濱光電,99999.1
1384,2020-10-16,31.55,5.85,18.65,9.62,355777.0,彰化彰濱光電,99999.1
1385,2020-10-17,23.45,4.1,13.64,5.06,354539.0,彰化彰濱光電,99999.1
1386,2020-10-18,25.5,2.4,15.16,7.92,343785.0,彰化彰濱光電,99999.1
1387,2020-10-19,24.75,2.55,14.9,8.37,373528.0,彰化彰濱光電,99999.1
1388,2020-10-20,33.6,9.1,24.68,10.54,358713.0,彰化彰濱光電,99999.1
1389,2020-10-21,30.6,4.1,21.83,10.29,170936.0,彰化彰濱光電,99999.1
1390,2020-10-22,34.2,13.15,35.72,15.63,173789.0,彰化彰濱光電,99999.1
1391,2020-10-23,39.75,10.85,30.96,14.42,135744.0,彰化彰濱光電,99999.1
1392,2020-10-24,42.15,10.4,32.18,16.94,275117.0,彰化彰濱光電,99999.1
1393,2020-10-25,39.0,4.2,19.18,13.08,239761.0,彰化彰濱光電,99999.1
1394,2020-10-26,39.1,14.4,33.51,14.98,389319.0,彰化彰濱光電,99999.1
1395,2020-10-27,32.05,1.75,15.6,9.73,342202.0,彰化彰濱光電,99999.1
1396,2020-10-28,35.05,14.85,25.67,11.33,375188.0,彰化彰濱光電,99999.1
1397,2020-10-29,15.9,3.7,14.43,7.56,306472.0,彰化彰濱光電,99999.1
1398,2020-10-30,22.3,13.85,25.22,10.9,365146.0,彰化彰濱光電,99999.1
1399,2020-10-31,28.2,15.2,30.43,14.4,364359.0,彰化彰濱光電,99999.1
1400,2020-11-01,30.55,12.35,28.73,12.76,320006.0,彰化彰濱光電,99999.1
1401,2020-11-02,37.2,1.45,15.18,8.27,330395.0,彰化彰濱光電,99999.1
1402,2020-11-03,39.25,2.35,16.56,8.5,341730.0,彰化彰濱光電,99999.1
1403,2020-11-04,40.5,5.75,25.63,14.48,277507.0,彰化彰濱光電,99999.1
1404,2020-11-05,18.65,8.35,15.96,5.7,342422.0,彰化彰濱光電,99999.1
1405,2020-11-06,18.5,9.75,20.99,6.22,65184.0,彰化彰濱光電,99999.1
1406,2020-11-07,20.45,3.75,17.44,7.18,63572.0,彰化彰濱光電,99999.1
1407,2020-11-08,24.55,7.55,13.68,8.36,259506.0,彰化彰濱光電,99999.1
1408,2020-11-09,22.45,0.0,8.14,4.49,121720.0,彰化彰濱光電,99999.1
1409,2020-11-10,23.85,0.1,8.85,6.3,202799.0,彰化彰濱光電,99999.1
1410,2020-11-11,26.1,7.5,22.58,9.06,444346.0,彰化彰濱光電,99999.1
1411,2020-11-12,26.9,6.05,18.39,7.7,429217.0,彰化彰濱光電,99999.1
1412,2020-11-13,26.4,7.15,18.78,7.81,137549.0,彰化彰濱光電,99999.1
1413,2020-11-14,23.8,5.65,15.08,6.99,195170.0,彰化彰濱光電,99999.1
1414,2020-11-15,19.95,1.2,8.52,4.34,346733.0,彰化彰濱光電,99999.1
1415,2020-11-16,14.9,0.95,8.02,3.47,357397.0,彰化彰濱光電,99999.1
1416,2020-11-17,19.05,0.15,6.1,3.44,388320.0,彰化彰濱光電,99999.1
1417,2020-11-18,20.4,7.75,18.52,7.34,364147.0,彰化彰濱光電,99999.1
1418,2020-11-19,21.25,7.0,19.94,7.17,401337.0,彰化彰濱光電,99999.1
1419,2020-11-20,21.3,2.25,13.28,6.4,327766.0,彰化彰濱光電,99999.1
1420,2020-11-21,26.2,10.1,27.26,9.25,395155.0,彰化彰濱光電,99999.1
1421,2020-11-22,22.65,0.0,3.03,2.1,297388.0,彰化彰濱光電,99999.1
1422,2020-11-23,27.15,7.0,22.74,7.86,240316.0,彰化彰濱光電,99999.1
1423,2020-11-24,24.0,2.6,12.69,7.12,379775.0,彰化彰濱光電,99999.1
1424,2020-11-25,25.75,5.8,16.22,6.03,355622.0,彰化彰濱光電,99999.1
1425,2020-11-26,21.85,3.95,12.32,4.81,353307.0,彰化彰濱光電,99999.1
1426,2020-11-27,21.1,1.0,8.56,4.58,349592.0,彰化彰濱光電,99999.1
1427,2020-11-28,17.05,9.3,16.08,5.7,359029.0,彰化彰濱光電,99999.1
1428,2020-11-29,17.35,3.25,11.96,6.24,379642.0,彰化彰濱光電,99999.1
1429,2020-11-30,20.85,1.75,9.02,5.14,185376.0,彰化彰濱光電,99999.1
1430,2020-12-01,21.7,9.95,22.24,8.72,345178.0,彰化彰濱光電,99999.1
1431,2020-12-02,20.9,0.4,7.56,5.18,367448.0,彰化彰濱光電,99999.1
1432,2020-12-03,24.25,1.5,10.98,8.75,122351.0,彰化彰濱光電,99999.1
1433,2020-12-04,27.2,9.3,25.92,11.32,145767.0,彰化彰濱光電,99999.1
1434,2020-12-05,25.7,2.75,12.03,6.27,257318.0,彰化彰濱光電,99999.1
1435,2020-12-06,23.55,0.4,9.85,5.94,258634.0,彰化彰濱光電,99999.1
1436,2020-12-07,24.55,6.4,16.57,7.14,84480.0,彰化彰濱光電,99999.1
1437,2020-12-08,22.0,5.1,14.92,6.28,84557.0,彰化彰濱光電,99999.1
1438,2020-12-09,19.6,1.95,9.68,3.94,97899.0,彰化彰濱光電,99999.1
1439,2020-12-10,18.8,8.5,14.61,5.64,167137.0,彰化彰濱光電,99999.1
1440,2020-12-11,15.55,8.85,15.14,5.12,177205.0,彰化彰濱光電,99999.1
1441,2020-12-12,14.4,8.7,18.55,6.99,379219.0,彰化彰濱光電,99999.1
1442,2020-12-13,19.45,0.7,5.98,3.22,359942.0,彰化彰濱光電,99999.1
1443,2020-12-14,35.9,3.4,20.8,10.95,308986.0,彰化彰濱光電,99999.1
1444,2020-12-15,33.3,0.0,5.89,5.39,355150.0,彰化彰濱光電,99999.1
1445,2020-12-16,42.05,12.95,37.11,16.82,265537.0,彰化彰濱光電,99999.1
1446,2020-12-17,41.8,12.2,34.08,18.78,340012.0,彰化彰濱光電,99999.1
1447,2020-12-18,41.15,12.7,33.79,15.9,134526.0,彰化彰濱光電,99999.1
1448,2020-12-19,40.6,10.05,26.12,12.43,153100.0,彰化彰濱光電,99999.1
1449,2020-12-20,36.0,12.55,25.28,11.5,323021.0,彰化彰濱光電,99999.1
1450,2020-12-21,36.65,14.65,23.96,9.92,91456.0,彰化彰濱光電,99999.1
1451,2020-12-22,26.85,11.4,20.42,9.31,350258.0,彰化彰濱光電,99999.1
1452,2020-12-23,22.6,14.5,24.28,8.72,64742.0,彰化彰濱光電,99999.1
1453,2020-12-24,21.95,11.6,26.36,10.48,274118.0,彰化彰濱光電,99999.1
1454,2020-12-25,33.0,12.3,29.61,13.15,373775.0,彰化彰濱光電,99999.1
1455,2020-12-26,32.8,4.7,20.42,9.98,377876.0,彰化彰濱光電,99999.1
1456,2020-12-27,42.1,11.2,34.9,16.82,130215.0,彰化彰濱光電,99999.1
1457,2020-12-28,39.7,3.55,17.49,10.57,295803.0,彰化彰濱光電,99999.1
1458,2020-12-29,39.6,6.3,24.07,13.63,312356.0,彰化彰濱光電,99999.1
1459,2020-12-30,38.4,8.6,26.03,14.0,287914.0,彰化彰濱光電,99999.1
1460,2020-12-31,41.25,12.0,27.78,12.6,123877.0,彰化彰濱光電,99999.1
1461,2021-01-01,34.85,12.8,26.66,11.58,336615.0,彰化彰濱光電,99999.1
1462,2021-01-02,32.8,14.45,25.65,9.7,380017.0,彰化彰濱光電,99999.1
1463,2021-01-03,25.65,6.1,17.19,7.15,379278.0,彰化彰濱光電,99999.1
1464,2021-01-04,26.1,11.85,24.02,9.51,134658.0,彰化彰濱光電,99999.1
1465,2021-01-05,23.55,0.15,8.74,8.2,291609.0,彰化彰濱光電,99999.1
1466,2021-01-06,32.55,13.8,31.48,13.33,63141.0,彰化彰濱光電,99999.1
1467,2021-01-07,27.7,0.35,7.76,4.88,276328.0,彰化彰濱光電,99999.1
1468,2021-01-08,36.9,6.0,26.4,11.48,114009.0,彰化彰濱光電,99999.1
1469,2021-01-09,40.1,11.7,32.22,15.02,384623.0,彰化彰濱光電,99999.1
1470,2021-01-10,41.5,7.75,25.3,14.9,380928.0,彰化彰濱光電,99999.1
1471,2021-01-11,40.35,8.85,26.45,14.24,70195.0,彰化彰濱光電,99999.1
1472,2021-01-12,39.5,13.55,32.14,14.65,390900.0,彰化彰濱光電,99999.1
1473,2021-01-13,33.2,9.25,23.7,11.94,471650.0,彰化彰濱光電,99999.1
1474,2021-01-14,34.6,14.65,25.16,10.62,449904.0,彰化彰濱光電,99999.1
1475,2021-01-15,19.4,8.85,19.56,9.01,432883.0,彰化彰濱光電,99999.1
1476,2021-01-16,24.0,14.55,25.14,10.46,403238.0,彰化彰濱光電,99999.1
1477,2021-01-17,28.0,14.75,29.62,14.24,395203.0,彰化彰濱光電,99999.1
1478,2021-01-18,30.15,11.5,26.01,11.62,374140.0,彰化彰濱光電,99999.1
1479,2021-01-19,36.8,1.15,9.94,4.53,373603.0,彰化彰濱光電,99999.1
1480,2021-01-20,36.25,3.5,10.8,7.09,279619.0,彰化彰濱光電,99999.1
1481,2021-01-21,41.55,14.5,38.61,17.6,206795.0,彰化彰濱光電,99999.1
1482,2021-01-22,16.1,7.3,15.5,5.07,120490.0,彰化彰濱光電,99999.1
1483,2021-01-23,20.5,5.15,14.4,5.24,223920.0,彰化彰濱光電,99999.1
1484,2021-01-24,21.35,2.8,14.96,5.38,405945.0,彰化彰濱光電,99999.1
1485,2021-01-25,23.45,2.5,5.86,3.98,381535.0,彰化彰濱光電,99999.1
1486,2021-01-26,21.65,0.15,11.44,5.13,268788.0,彰化彰濱光電,99999.1
1487,2021-01-27,25.6,1.65,16.4,9.16,376800.0,彰化彰濱光電,99999.1
1488,2021-01-28,26.7,8.75,25.48,11.0,339417.0,彰化彰濱光電,99999.1
1489,2021-01-29,26.85,5.35,17.52,8.26,355354.0,彰化彰濱光電,99999.1
1490,2021-01-30,26.7,8.25,19.54,9.17,412369.0,彰化彰濱光電,99999.1
1491,2021-01-31,23.1,4.65,13.42,5.98,305462.0,彰化彰濱光電,99999.1
1492,2021-02-01,19.75,3.1,11.33,5.28,333591.0,彰化彰濱光電,99999.1
1493,2021-02-02,15.55,4.8,12.22,4.38,408221.0,彰化彰濱光電,99999.1
1494,2021-02-03,18.65,2.25,9.48,2.4,405264.0,彰化彰濱光電,99999.1
1495,2021-02-04,20.1,8.05,18.94,7.52,406178.0,彰化彰濱光電,99999.1
1496,2021-02-05,19.1,1.05,8.63,6.64,379248.0,彰化彰濱光電,99999.1
1497,2021-02-06,22.1,3.5,15.6,7.46,408307.0,彰化彰濱光電,99999.1
1498,2021-02-07,26.15,5.85,20.48,7.64,168355.0,彰化彰濱光電,99999.1
1499,2021-02-08,22.8,0.0,4.5,2.01,382045.0,彰化彰濱光電,99999.1
1500,2021-02-09,26.1,3.7,15.82,7.86,377183.0,彰化彰濱光電,99999.1
1501,2021-02-10,24.4,5.65,18.06,9.16,184963.0,彰化彰濱光電,99999.1
1502,2021-02-11,25.8,6.1,17.89,6.42,92527.0,彰化彰濱光電,99999.1
1503,2021-02-12,21.8,5.4,16.22,6.98,73239.0,彰化彰濱光電,99999.1
1504,2021-02-13,21.1,5.35,12.28,5.25,282837.0,彰化彰濱光電,99999.1
1505,2021-02-14,18.8,9.45,16.47,6.06,224936.0,彰化彰濱光電,99999.1
1506,2021-02-15,17.85,0.15,8.21,4.66,448943.0,彰化彰濱光電,99999.1
1507,2021-02-16,21.45,7.6,19.32,8.89,457545.0,彰化彰濱光電,99999.1
1508,2021-02-17,22.35,7.2,18.87,7.28,491117.0,彰化彰濱光電,99999.1
1509,2021-02-18,22.5,1.15,10.46,5.61,512266.0,彰化彰濱光電,99999.1
1510,2021-02-19,22.55,0.65,4.34,3.4,483897.0,彰化彰濱光電,99999.1
1511,2021-02-20,27.05,7.15,23.4,10.47,480432.0,彰化彰濱光電,99999.1
1512,2021-02-21,25.85,0.9,12.16,6.26,488197.0,彰化彰濱光電,99999.1
1513,2021-02-22,23.9,1.15,11.38,6.57,473164.0,彰化彰濱光電,99999.1
1514,2021-02-23,23.2,5.7,18.42,9.0,355624.0,彰化彰濱光電,99999.1
1515,2021-02-24,21.9,5.4,14.42,5.68,124204.0,彰化彰濱光電,99999.1
1516,2021-02-25,19.8,3.95,11.86,5.94,330713.0,彰化彰濱光電,99999.1
1517,2021-02-26,17.95,2.5,8.33,3.7,358532.0,彰化彰濱光電,99999.1
1518,2021-02-27,16.3,6.1,13.47,5.36,249217.0,彰化彰濱光電,99999.1
1519,2021-02-28,15.85,9.6,18.02,6.33,402528.0,彰化彰濱光電,99999.1
1520,2021-03-01,20.75,3.0,14.01,5.42,379374.0,彰化彰濱光電,99999.1
1521,2021-03-02,36.45,12.15,34.94,14.38,396085.0,彰化彰濱光電,99999.1
1522,2021-03-03,36.25,3.15,22.63,11.34,143137.0,彰化彰濱光電,99999.1
1523,2021-03-04,42.0,12.75,34.08,15.41,225993.0,彰化彰濱光電,99999.1
1524,2021-03-05,41.2,11.5,33.71,17.55,333178.0,彰化彰濱光電,99999.1
1525,2021-03-06,40.35,9.25,25.6,13.74,343179.0,彰化彰濱光電,99999.1
1526,2021-03-07,40.95,12.95,30.89,14.39,134862.0,彰化彰濱光電,99999.1
1527,2021-03-08,36.6,11.2,25.18,12.77,392448.0,彰化彰濱光電,99999.1
1528,2021-03-09,36.95,11.7,20.52,8.57,294932.0,彰化彰濱光電,99999.1
1529,2021-03-10,26.15,6.5,17.5,8.58,473646.0,彰化彰濱光電,99999.1
1530,2021-03-11,25.55,14.5,24.88,9.86,339120.0,彰化彰濱光電,99999.1
1531,2021-03-12,22.45,14.3,25.78,9.38,388301.0,彰化彰濱光電,99999.1
1532,2021-03-13,33.85,13.95,29.53,11.88,470352.0,彰化彰濱光電,99999.1
1533,2021-03-14,34.7,6.95,23.35,10.26,522470.0,彰化彰濱光電,99999.1
1534,2021-03-15,42.55,9.5,31.13,17.26,436376.0,彰化彰濱光電,99999.1
1535,2021-03-16,38.25,1.45,12.1,7.62,515529.0,彰化彰濱光電,99999.1
1536,2021-03-17,39.8,6.75,22.66,10.0,312375.0,彰化彰濱光電,99999.1
1537,2021-03-18,39.85,13.05,33.62,15.46,279715.0,彰化彰濱光電,99999.1
1538,2021-03-19,41.25,9.5,26.65,13.34,351581.0,彰化彰濱光電,99999.1
1539,2021-03-20,35.55,7.65,21.28,11.07,373720.0,彰化彰濱光電,99999.1
1540,2021-03-21,33.45,6.85,19.35,8.39,391575.0,彰化彰濱光電,99999.1
1541,2021-03-22,26.1,0.0,7.96,3.92,55190.0,彰化彰濱光電,99999.1
1542,2021-03-23,26.85,8.75,21.24,8.94,161299.0,彰化彰濱光電,99999.1
1543,2021-03-24,16.65,0.0,4.84,3.42,131367.0,彰化彰濱光電,99999.1
1544,2021-03-25,33.65,12.6,28.82,11.63,590199.0,彰化彰濱光電,99999.1
1545,2021-03-26,30.95,5.2,23.89,11.94,465150.0,彰化彰濱光電,99999.1
1546,2021-03-27,37.65,14.0,38.3,16.48,503673.0,彰化彰濱光電,99999.1
1547,2021-03-28,40.9,11.8,34.54,14.99,472080.0,彰化彰濱光電,99999.1
1548,2021-03-29,41.35,9.8,29.66,18.0,422755.0,彰化彰濱光電,99999.1
1549,2021-03-30,41.05,11.75,33.9,18.2,194573.0,彰化彰濱光電,99999.1
1550,2021-03-31,38.65,10.5,29.58,14.32,425326.0,彰化彰濱光電,99999.1
1551,2021-04-01,33.95,6.5,18.4,10.12,178242.0,彰化彰濱光電,99999.1
1552,2021-04-02,34.75,11.2,21.62,10.92,482428.0,彰化彰濱光電,99999.1
1553,2021-04-03,22.85,14.05,23.87,8.82,440612.0,彰化彰濱光電,99999.1
1554,2021-04-04,25.9,6.0,19.37,10.24,402125.0,彰化彰濱光電,99999.1
1555,2021-04-05,26.0,13.8,29.69,14.22,471102.0,彰化彰濱光電,99999.1
1556,2021-04-06,32.4,7.35,22.27,11.96,506468.0,彰化彰濱光電,99999.1
1557,2021-04-07,32.5,0.0,4.35,3.2,346282.0,彰化彰濱光電,99999.1
1558,2021-04-08,37.9,7.9,28.1,12.93,287098.0,彰化彰濱光電,99999.1
1559,2021-04-09,41.55,11.6,33.0,15.29,390346.0,彰化彰濱光電,99999.1
1560,2021-04-10,14.75,3.35,11.23,4.53,423187.0,彰化彰濱光電,99999.1
1561,2021-04-11,20.9,8.55,20.25,6.18,319489.0,彰化彰濱光電,99999.1
1562,2021-04-12,21.6,8.1,18.32,6.76,464207.0,彰化彰濱光電,99999.1
1563,2021-04-13,22.9,2.7,7.96,4.64,462990.0,彰化彰濱光電,99999.1
1564,2021-04-14,24.3,8.0,21.53,7.54,406290.0,彰化彰濱光電,99999.1
1565,2021-04-15,26.45,3.5,19.55,10.94,456490.0,彰化彰濱光電,99999.1
1566,2021-04-16,26.85,5.05,18.24,7.66,500861.0,彰化彰濱光電,99999.1
1567,2021-04-17,27.65,6.75,20.88,10.32,398726.0,彰化彰濱光電,99999.1
1568,2021-04-18,27.15,6.35,18.56,9.04,361671.0,彰化彰濱光電,99999.1
1569,2021-04-19,20.8,2.75,11.41,5.28,400724.0,彰化彰濱光電,99999.1
1570,2021-04-20,21.4,5.2,14.46,6.83,461521.0,彰化彰濱光電,99999.1
1571,2021-04-21,15.15,8.7,16.69,5.52,481172.0,彰化彰濱光電,99999.1
1572,2021-04-22,19.05,3.1,11.31,4.5,265682.0,彰化彰濱光電,99999.1
1573,2021-04-23,18.65,6.8,16.88,6.76,337547.0,彰化彰濱光電,99999.1
1574,2021-04-24,14.8,2.7,12.57,5.32,435465.0,彰化彰濱光電,99999.1
1575,2021-04-25,22.95,3.4,17.19,6.44,53711.0,彰化彰濱光電,99999.1
1576,2021-04-26,25.85,3.65,15.36,5.79,445911.0,彰化彰濱光電,99999.1
1577,2021-04-27,24.45,1.35,12.18,6.17,232723.0,彰化彰濱光電,99999.1
1578,2021-04-28,25.75,3.75,16.22,7.04,122257.0,彰化彰濱光電,99999.1
1579,2021-04-29,24.85,5.1,16.29,6.9,193739.0,彰化彰濱光電,99999.1
1580,2021-04-30,25.95,7.85,19.69,7.33,546855.0,彰化彰濱光電,99999.1
1581,2021-05-01,22.0,8.65,19.28,7.58,394039.0,彰化彰濱光電,99999.1
1582,2021-05-02,22.2,6.95,15.4,5.99,437338.0,彰化彰濱光電,99999.1
1583,2021-05-03,19.2,6.9,14.88,6.06,215532.0,彰化彰濱光電,99999.1
1584,2021-05-04,15.1,2.4,8.82,3.94,338131.0,彰化彰濱光電,99999.1
1585,2021-05-05,19.85,4.15,13.6,8.19,333744.0,彰化彰濱光電,99999.1
1586,2021-05-06,23.9,10.9,23.84,8.6,543677.0,彰化彰濱光電,99999.1
1587,2021-05-07,21.95,0.25,7.49,4.8,516528.0,彰化彰濱光電,99999.1
1588,2021-05-08,21.85,0.05,5.68,3.04,452919.0,彰化彰濱光電,99999.1
1589,2021-05-09,27.05,8.15,24.3,11.34,495466.0,彰化彰濱光電,99999.1
1590,2021-05-10,26.0,3.6,17.75,8.57,458178.0,彰化彰濱光電,99999.1
1591,2021-05-11,24.4,0.85,11.66,6.4,480375.0,彰化彰濱光電,99999.1
1592,2021-05-12,21.35,1.1,9.32,4.28,509684.0,彰化彰濱光電,99999.1
1593,2021-05-13,21.55,4.35,13.71,6.0,492950.0,彰化彰濱光電,99999.1
1594,2021-05-14,20.05,6.5,12.4,5.49,499796.0,彰化彰濱光電,99999.1
1595,2021-05-15,18.8,3.25,9.65,4.66,490136.0,彰化彰濱光電,99999.1
1596,2021-05-16,17.25,9.95,16.8,6.08,494852.0,彰化彰濱光電,99999.1
1597,2021-05-17,16.75,9.55,18.12,6.5,466531.0,彰化彰濱光電,99999.1
1598,2021-05-18,22.1,8.4,17.88,5.62,408990.0,彰化彰濱光電,99999.1
1599,2021-05-19,35.0,9.05,27.06,10.39,504797.0,彰化彰濱光電,99999.1
1600,2021-05-20,35.5,0.05,9.76,5.5,409757.0,彰化彰濱光電,99999.1
1601,2021-05-21,41.2,8.4,25.74,15.3,498028.0,彰化彰濱光電,99999.1
1602,2021-05-22,41.35,10.3,30.52,16.04,423224.0,彰化彰濱光電,99999.1
1603,2021-05-23,41.1,10.7,29.53,14.21,541015.0,彰化彰濱光電,99999.1
1604,2021-05-24,40.45,14.05,30.08,14.04,552845.0,彰化彰濱光電,99999.1
1605,2021-05-25,37.3,4.1,18.48,10.9,593259.0,彰化彰濱光電,99999.1
1606,2021-05-26,37.5,9.1,19.66,8.03,552315.0,彰化彰濱光電,99999.1
1607,2021-05-27,24.15,0.0,4.26,2.88,553018.0,彰化彰濱光電,99999.1
1608,2021-05-28,30.1,5.05,19.4,9.68,523095.0,彰化彰濱光電,99999.1
1609,2021-05-29,24.9,15.8,30.92,11.6,211900.0,彰化彰濱光電,99999.1
1610,2021-05-30,28.8,10.8,27.98,11.89,102939.0,彰化彰濱光電,99999.1
1611,2021-05-31,36.35,12.0,33.5,15.23,152860.0,彰化彰濱光電,99999.1
1612,2021-06-01,42.6,12.05,32.78,15.7,444326.0,彰化彰濱光電,99999.1
1613,2021-06-02,36.85,0.05,7.58,-45.83,508090.0,彰化彰濱光電,99999.1
1614,2021-06-03,41.0,12.9,32.54,13.62,592415.0,彰化彰濱光電,99999.1
1615,2021-06-04,40.75,11.55,31.58,13.24,472848.0,彰化彰濱光電,99999.1
1616,2021-06-05,40.4,7.9,21.26,9.04,185346.0,彰化彰濱光電,99999.1
1617,2021-06-06,35.2,12.85,27.06,12.84,91265.0,彰化彰濱光電,99999.1
1618,2021-06-07,33.5,11.6,22.16,8.88,285255.0,彰化彰濱光電,99999.1
1619,2021-06-08,27.2,0.0,5.42,3.1,574024.0,彰化彰濱光電,99999.1
1620,2021-06-09,25.25,0.9,9.68,6.58,559286.0,彰化彰濱光電,99999.1
1621,2021-06-10,17.85,0.0,4.19,3.54,569144.0,彰化彰濱光電,99999.1
1622,2021-06-11,34.55,8.6,27.98,14.63,589738.0,彰化彰濱光電,99999.1
1623,2021-06-12,34.2,7.35,26.07,12.9,565593.0,彰化彰濱光電,99999.1
1624,2021-06-13,35.8,2.4,22.56,10.69,582141.0,彰化彰濱光電,99999.1
1625,2021-06-14,40.05,9.05,31.6,15.72,508475.0,彰化彰濱光電,99999.1
1626,2021-06-15,42.5,13.8,36.77,18.74,514040.0,彰化彰濱光電,99999.1
1627,2021-06-16,41.5,14.8,35.14,15.04,285160.0,彰化彰濱光電,99999.1
1628,2021-06-17,37.85,12.95,30.67,13.44,559795.0,彰化彰濱光電,99999.1
1629,2021-06-18,34.9,12.2,24.02,10.9,564441.0,彰化彰濱光電,99999.1
1630,2021-06-19,35.0,10.7,20.57,9.78,350295.0,彰化彰濱光電,99999.1
1631,2021-06-20,23.4,10.55,20.58,8.43,330000.0,彰化彰濱光電,99999.1
1632,2021-06-21,25.75,12.0,23.55,9.93,62487.0,彰化彰濱光電,99999.1
1633,2021-06-22,22.35,0.7,9.61,5.1,118655.0,彰化彰濱光電,99999.1
1634,2021-06-23,35.15,10.25,27.04,11.41,120932.0,彰化彰濱光電,99999.1
1635,2021-06-24,34.55,4.4,22.61,10.66,306412.0,彰化彰濱光電,99999.1
1636,2021-06-25,39.6,7.65,28.26,14.82,348057.0,彰化彰濱光電,99999.1
1637,2021-06-26,41.5,9.85,30.24,14.57,284207.0,彰化彰濱光電,99999.1
1638,2021-06-27,15.95,8.4,16.76,5.04,430407.0,彰化彰濱光電,99999.1
1639,2021-06-28,19.1,0.95,7.85,3.54,257109.0,彰化彰濱光電,99999.1
1640,2021-06-29,20.2,4.0,13.74,5.81,362889.0,彰化彰濱光電,99999.1
1641,2021-06-30,18.45,0.0,2.5,2.28,568666.0,彰化彰濱光電,99999.1
1642,2021-07-01,24.85,2.9,16.44,6.54,595402.0,彰化彰濱光電,99999.1
1643,2021-07-02,26.45,5.75,20.48,9.69,578073.0,彰化彰濱光電,99999.1
1644,2021-07-03,26.85,1.7,16.33,10.01,580484.0,彰化彰濱光電,99999.1
1645,2021-07-04,26.6,0.8,10.66,6.43,562386.0,彰化彰濱光電,99999.1
1646,2021-07-05,27.2,8.0,20.48,8.37,603753.0,彰化彰濱光電,99999.1
1647,2021-07-06,20.4,7.6,18.2,6.92,485365.0,彰化彰濱光電,99999.1
1648,2021-07-07,20.6,7.1,15.24,6.38,511085.0,彰化彰濱光電,99999.1
1649,2021-07-08,15.55,9.35,16.07,5.22,601094.0,彰化彰濱光電,99999.1
1650,2021-07-09,18.25,2.9,11.04,5.51,598023.0,彰化彰濱光電,99999.1
1651,2021-07-10,14.85,0.05,3.07,3.03,554832.0,彰化彰濱光電,99999.1
1652,2021-07-11,15.35,8.3,22.05,7.46,509749.0,彰化彰濱光電,99999.1
1653,2021-07-12,23.85,2.55,14.76,7.5,558240.0,彰化彰濱光電,99999.1
1654,2021-07-13,26.2,6.8,20.05,7.52,562001.0,彰化彰濱光電,99999.1
1655,2021-07-14,24.5,2.85,12.13,7.12,597966.0,彰化彰濱光電,99999.1
1656,2021-07-15,24.7,2.9,14.77,8.7,515022.0,彰化彰濱光電,99999.1
1657,2021-07-16,24.6,1.7,12.25,6.04,557242.0,彰化彰濱光電,99999.1
1658,2021-07-17,26.0,7.15,18.54,7.6,555955.0,彰化彰濱光電,99999.1
1659,2021-07-18,22.5,5.9,16.04,7.03,531101.0,彰化彰濱光電,99999.1
1660,2021-07-19,20.2,8.2,17.06,6.68,515724.0,彰化彰濱光電,99999.1
1661,2021-07-20,21.3,7.65,14.63,5.93,449607.0,彰化彰濱光電,99999.1
1662,2021-07-21,13.5,3.0,11.09,5.38,587856.0,彰化彰濱光電,99999.1
1663,2021-07-22,19.3,7.85,20.04,9.76,445432.0,彰化彰濱光電,99999.1
1664,2021-07-23,22.15,6.55,20.63,8.91,461490.0,彰化彰濱光電,99999.1
1665,2021-07-24,24.5,6.15,19.2,8.94,465388.0,彰化彰濱光電,99999.1
1666,2021-07-25,22.25,1.1,9.8,4.7,512658.0,彰化彰濱光電,99999.1
1667,2021-07-26,26.85,0.25,13.0,6.08,485251.0,彰化彰濱光電,99999.1
1668,2021-07-27,25.65,2.85,15.88,8.96,552806.0,彰化彰濱光電,99999.1
1669,2021-07-28,25.95,6.15,17.3,8.9,538118.0,彰化彰濱光電,99999.1
1670,2021-07-29,23.05,2.45,13.12,5.66,540068.0,彰化彰濱光電,99999.1
1671,2021-07-30,22.0,7.15,16.1,6.02,349084.0,彰化彰濱光電,99999.1
1672,2021-07-31,22.25,9.8,16.39,6.48,209819.0,彰化彰濱光電,99999.1
1673,2021-08-01,19.1,6.15,11.73,4.19,103711.0,彰化彰濱光電,99999.1
1674,2021-08-02,19.4,7.2,14.78,5.78,132048.0,彰化彰濱光電,99999.1
1675,2021-08-03,17.95,10.0,19.6,7.32,467931.0,彰化彰濱光電,99999.1
1676,2021-08-04,23.15,7.75,18.28,7.22,413895.0,彰化彰濱光電,99999.1
1677,2021-08-05,33.6,6.05,24.66,11.13,141370.0,彰化彰濱光電,99999.1
1678,2021-08-06,34.85,0.0,4.44,2.56,10435.0,彰化彰濱光電,99999.1
1679,2021-08-07,41.95,10.85,31.29,14.67,89030.0,彰化彰濱光電,99999.1
1680,2021-08-08,42.2,11.25,30.52,17.59,378019.0,彰化彰濱光電,99999.1
1681,2021-08-09,39.55,3.75,18.74,10.3,265198.0,彰化彰濱光電,99999.1
1682,2021-08-10,39.5,12.15,27.74,13.8,473653.0,彰化彰濱光電,99999.1
1683,2021-08-11,34.75,2.35,17.57,10.71,504326.0,彰化彰濱光電,99999.1
1684,2021-08-12,36.1,14.2,24.24,9.76,517506.0,彰化彰濱光電,99999.1
1685,2021-08-13,27.65,11.2,21.72,9.28,507322.0,彰化彰濱光電,99999.1
1686,2021-08-14,29.7,0.8,10.15,6.23,474338.0,彰化彰濱光電,99999.1
1687,2021-08-15,27.8,15.85,31.34,12.16,577756.0,彰化彰濱光電,99999.1
1688,2021-08-16,21.75,0.0,3.29,2.42,570431.0,彰化彰濱光電,99999.1
1689,2021-08-17,36.2,9.05,29.15,13.4,559270.0,彰化彰濱光電,99999.1
1690,2021-08-18,42.2,8.85,29.38,13.7,244552.0,彰化彰濱光電,99999.1
1691,2021-08-19,35.85,0.3,9.38,-44.61,589949.0,彰化彰濱光電,99999.1
1692,2021-08-20,39.5,4.2,23.49,13.01,579927.0,彰化彰濱光電,99999.1
1693,2021-08-21,40.4,13.65,34.92,15.73,483419.0,彰化彰濱光電,99999.1
1694,2021-08-22,40.5,14.25,30.72,13.04,562386.0,彰化彰濱光電,99999.1
1695,2021-08-23,31.7,0.1,8.44,5.08,538455.0,彰化彰濱光電,99999.1
1696,2021-08-24,29.9,9.8,20.74,8.12,424760.0,彰化彰濱光電,99999.1
1697,2021-08-25,27.45,0.0,8.62,4.79,529133.0,彰化彰濱光電,99999.1
1698,2021-08-26,24.8,0.45,8.41,6.69,553795.0,彰化彰濱光電,99999.1
1699,2021-08-27,21.65,0.0,5.5,3.65,575136.0,彰化彰濱光電,99999.1
1700,2021-08-28,32.35,3.2,19.27,13.22,549225.0,彰化彰濱光電,99999.1
1701,2021-08-29,37.75,9.55,31.99,16.01,534680.0,彰化彰濱光電,99999.1
1702,2021-08-30,35.75,1.7,19.01,9.65,280848.0,彰化彰濱光電,99999.1
1703,2021-08-31,40.2,10.15,32.63,17.61,498682.0,彰化彰濱光電,99999.1
1704,2021-09-01,43.6,15.0,39.59,18.12,477438.0,彰化彰濱光電,99999.1
1705,2021-09-02,42.6,14.95,36.23,18.24,491359.0,彰化彰濱光電,99999.1
1706,2021-09-03,37.9,11.65,27.58,12.54,524632.0,彰化彰濱光電,99999.1
1707,2021-09-04,37.4,4.4,17.98,9.51,560583.0,彰化彰濱光電,99999.1
1708,2021-09-05,34.55,1.8,12.6,7.05,503212.0,彰化彰濱光電,99999.1
1709,2021-09-06,21.6,14.15,25.54,9.25,540731.0,彰化彰濱光電,99999.1
1710,2021-09-07,27.75,12.8,24.86,11.18,556455.0,彰化彰濱光電,99999.1
1711,2021-09-08,22.6,10.35,27.11,13.48,528720.0,彰化彰濱光電,99999.1
1712,2021-09-09,36.85,15.25,30.67,12.68,473567.0,彰化彰濱光電,99999.1
1713,2021-09-10,34.15,4.95,19.03,8.27,518688.0,彰化彰濱光電,99999.1
1714,2021-09-11,40.05,3.65,22.77,13.23,449980.0,彰化彰濱光電,99999.1
1715,2021-09-12,41.85,11.2,33.66,15.82,321572.0,彰化彰濱光電,99999.1
1716,2021-09-13,15.4,4.55,14.06,4.5,377817.0,彰化彰濱光電,99999.1
1717,2021-09-14,19.3,4.85,16.09,5.35,528011.0,彰化彰濱光電,99999.1
1718,2021-09-15,20.6,5.4,13.56,6.16,510308.0,彰化彰濱光電,99999.1
1719,2021-09-16,19.1,0.05,4.62,3.82,416987.0,彰化彰濱光電,99999.1
1720,2021-09-17,24.95,5.05,20.1,7.05,408460.0,彰化彰濱光電,99999.1
1721,2021-09-18,26.2,7.3,22.68,11.52,489492.0,彰化彰濱光電,99999.1
1722,2021-09-19,27.0,4.05,15.26,9.24,520052.0,彰化彰濱光電,99999.1
1723,2021-09-20,25.2,1.35,10.32,7.28,491098.0,彰化彰濱光電,99999.1
1724,2021-09-21,27.5,7.35,18.5,7.51,450326.0,彰化彰濱光電,99999.1
1725,2021-09-22,20.6,7.55,17.04,7.48,519889.0,彰化彰濱光電,99999.1
1726,2021-09-23,18.5,6.8,16.01,6.28,482862.0,彰化彰濱光電,99999.1
1727,2021-09-24,16.95,8.8,15.78,5.72,500131.0,彰化彰濱光電,99999.1
1728,2021-09-25,18.15,8.65,17.43,6.57,507274.0,彰化彰濱光電,99999.1
1729,2021-09-26,16.8,4.2,15.87,5.96,502540.0,彰化彰濱光電,99999.1
1730,2021-09-27,17.25,11.15,26.84,9.24,510326.0,彰化彰濱光電,99999.1
1731,2021-09-28,23.95,6.95,21.42,8.64,479903.0,彰化彰濱光電,99999.1
1732,2021-09-29,26.3,7.45,23.28,8.4,496175.0,彰化彰濱光電,99999.1
1733,2021-09-30,24.9,2.4,14.07,6.83,488506.0,彰化彰濱光電,99999.1
1734,2021-10-01,25.0,1.45,14.12,7.18,465888.0,彰化彰濱光電,99999.1
1735,2021-10-02,24.4,2.5,10.45,5.98,482131.0,彰化彰濱光電,99999.1
1736,2021-10-03,26.1,8.3,21.38,8.43,481489.0,彰化彰濱光電,99999.1
1737,2021-10-04,22.75,8.7,18.6,7.14,476256.0,彰化彰濱光電,99999.1
1738,2021-10-05,18.9,3.55,10.12,4.19,470102.0,彰化彰濱光電,99999.1
1739,2021-10-06,21.25,2.15,10.74,5.9,482295.0,彰化彰濱光電,99999.1
1740,2021-10-07,15.0,8.25,15.86,6.1,406445.0,彰化彰濱光電,99999.1
1741,2021-10-08,16.45,2.7,9.47,6.61,348375.0,彰化彰濱光電,99999.1
1742,2021-10-09,17.5,0.0,4.93,4.23,431521.0,彰化彰濱光電,99999.1
1743,2021-10-10,25.2,9.35,22.06,9.54,456384.0,彰化彰濱光電,99999.1
1744,2021-10-11,21.25,0.15,5.65,3.84,357657.0,彰化彰濱光電,99999.1
1745,2021-10-12,24.65,0.0,4.94,4.3,164603.0,彰化彰濱光電,99999.1
1746,2021-10-13,25.0,5.85,18.58,9.26,135926.0,彰化彰濱光電,99999.1
1747,2021-10-14,26.95,5.45,19.64,9.4,123110.0,彰化彰濱光電,99999.1
1748,2021-10-15,23.85,5.35,18.9,7.32,425645.0,彰化彰濱光電,99999.1
1749,2021-10-16,22.2,6.9,15.06,5.78,443233.0,彰化彰濱光電,99999.1
1750,2021-10-17,21.55,7.3,14.08,5.4,460291.0,彰化彰濱光電,99999.1
1751,2021-10-18,18.9,7.95,15.12,5.28,352952.0,彰化彰濱光電,99999.1
1752,2021-10-19,20.15,6.75,13.11,5.68,473973.0,彰化彰濱光電,99999.1
1753,2021-10-20,18.9,10.3,20.15,7.58,436473.0,彰化彰濱光電,99999.1
1754,2021-10-21,22.75,8.55,20.31,8.07,360604.0,彰化彰濱光電,99999.1
1755,2021-10-22,18.8,0.5,8.43,6.52,144634.0,彰化彰濱光電,99999.1
1756,2021-10-23,35.65,0.1,9.94,6.3,320237.0,彰化彰濱光電,99999.1
1757,2021-10-24,42.3,11.05,31.78,14.62,248946.0,彰化彰濱光電,99999.1
1758,2021-10-25,42.25,5.8,25.64,15.28,461826.0,彰化彰濱光電,99999.1
1759,2021-10-26,39.6,8.55,27.12,13.62,361038.0,彰化彰濱光電,99999.1
1760,2021-10-27,39.4,11.75,27.7,12.2,458640.0,彰化彰濱光電,99999.1
1761,2021-10-28,31.3,0.25,11.06,7.94,440121.0,彰化彰濱光電,99999.1
1762,2021-10-29,34.75,10.1,21.46,9.59,415095.0,彰化彰濱光電,99999.1
1763,2021-10-30,26.15,0.35,7.12,4.62,339419.0,彰化彰濱光電,99999.1
1764,2021-10-31,28.9,12.45,24.08,10.28,434919.0,彰化彰濱光電,99999.1
1765,2021-11-01,29.45,11.95,27.7,12.1,365482.0,彰化彰濱光電,99999.1
1766,2021-11-02,24.85,0.3,10.45,6.32,380295.0,彰化彰濱光電,99999.1
1767,2021-11-03,36.5,12.6,34.61,15.74,242938.0,彰化彰濱光電,99999.1
1768,2021-11-04,43.0,13.45,37.88,16.86,332014.0,彰化彰濱光電,99999.1
1769,2021-11-05,36.7,0.0,12.2,-43.89,395799.0,彰化彰濱光電,99999.1
1770,2021-11-06,38.65,3.7,21.63,13.46,405139.0,彰化彰濱光電,99999.1
1771,2021-11-07,41.05,11.05,31.38,16.54,417360.0,彰化彰濱光電,99999.1
1772,2021-11-08,40.45,12.85,28.65,12.86,269979.0,彰化彰濱光電,99999.1
1773,2021-11-09,34.0,3.8,18.23,9.98,360459.0,彰化彰濱光電,99999.1
1774,2021-11-10,24.55,0.35,7.56,4.74,218544.0,彰化彰濱光電,99999.1
1775,2021-11-11,28.75,5.7,15.74,7.09,429273.0,彰化彰濱光電,99999.1
1776,2021-11-12,27.9,1.0,12.6,7.0,186529.0,彰化彰濱光電,99999.1
1777,2021-11-13,20.05,0.0,4.31,2.92,271709.0,彰化彰濱光電,99999.1
1778,2021-11-14,25.25,0.0,4.36,3.61,408470.0,彰化彰濱光電,99999.1
1779,2021-11-15,36.25,4.75,19.62,14.24,312365.0,彰化彰濱光電,99999.1
1780,2021-11-16,36.7,4.7,23.94,12.92,334254.0,彰化彰濱光電,99999.1
1781,2021-11-17,40.35,10.15,32.1,17.74,323800.0,彰化彰濱光電,99999.1
1782,2021-11-18,43.4,14.5,37.84,17.78,310674.0,彰化彰濱光電,99999.1
1783,2021-11-19,42.65,9.0,25.8,14.92,386170.0,彰化彰濱光電,99999.1
1784,2021-11-20,37.8,13.35,30.94,14.42,317759.0,彰化彰濱光電,99999.1
1785,2021-11-21,34.7,0.1,10.28,8.13,408489.0,彰化彰濱光電,99999.1
1786,2021-11-22,33.75,0.85,9.56,6.44,314621.0,彰化彰濱光電,99999.1
1787,2021-11-23,18.65,14.1,23.76,8.8,238475.0,彰化彰濱光電,99999.1
1788,2021-11-24,27.0,3.55,14.6,8.55,352686.0,彰化彰濱光電,99999.1
1789,2021-11-25,26.2,14.0,30.79,14.4,114941.0,彰化彰濱光電,99999.1
1790,2021-11-26,36.0,14.9,34.36,16.08,143001.0,彰化彰濱光電,99999.1
1791,2021-11-27,35.15,9.35,28.3,12.14,279706.0,彰化彰濱光電,99999.1
1792,2021-11-28,35.6,4.25,23.86,14.06,162374.0,彰化彰濱光電,99999.1
1793,2021-11-29,41.35,8.4,29.07,14.57,385526.0,彰化彰濱光電,99999.1
1794,2021-11-30,15.6,0.8,9.6,3.48,374352.0,彰化彰濱光電,99999.1
1795,2021-12-01,14.15,0.0,2.48,1.57,417668.0,彰化彰濱光電,99999.1
1796,2021-12-02,21.05,9.4,18.98,7.54,385882.0,彰化彰濱光電,99999.1
1797,2021-12-03,20.15,0.45,5.4,3.16,415565.0,彰化彰濱光電,99999.1
1798,2021-12-04,24.4,1.05,11.54,5.24,412168.0,彰化彰濱光電,99999.1
1799,2021-12-05,26.1,6.2,20.61,9.84,391180.0,彰化彰濱光電,99999.1
1800,2021-12-06,26.8,5.1,18.26,7.79,275270.0,彰化彰濱光電,99999.1
1801,2021-12-07,24.8,3.35,12.23,8.01,400465.0,彰化彰濱光電,99999.1
1802,2021-12-08,27.45,5.45,17.35,8.16,379315.0,彰化彰濱光電,99999.1
1803,2021-12-09,21.5,8.0,18.23,6.99,367131.0,彰化彰濱光電,99999.1
1804,2021-12-10,17.9,0.55,8.31,3.8,353291.0,彰化彰濱光電,99999.1
1805,2021-12-11,18.55,7.75,15.77,5.84,337729.0,彰化彰濱光電,99999.1
1806,2021-12-12,17.7,9.7,18.95,6.76,369686.0,彰化彰濱光電,99999.1
1807,2021-12-13,17.8,2.55,10.54,5.28,347665.0,彰化彰濱光電,99999.1
1808,2021-12-14,17.55,10.95,25.62,8.71,342932.0,彰化彰濱光電,99999.1
1809,2021-12-15,22.6,0.3,8.38,3.93,252394.0,彰化彰濱光電,99999.1
1810,2021-12-16,26.0,5.6,20.23,7.75,229776.0,彰化彰濱光電,99999.1
1811,2021-12-17,25.65,2.9,17.6,8.38,207995.0,彰化彰濱光電,99999.1
1812,2021-12-18,25.35,4.1,16.43,8.72,161800.0,彰化彰濱光電,99999.1
1813,2021-12-19,22.5,0.0,4.64,4.27,288951.0,彰化彰濱光電,99999.1
1814,2021-12-20,25.7,9.45,22.27,8.14,122832.0,彰化彰濱光電,99999.1
1815,2021-12-21,22.9,7.75,18.19,7.53,65059.0,彰化彰濱光電,99999.1
1816,2021-12-22,20.05,9.45,17.77,6.62,158870.0,彰化彰濱光電,99999.1
1817,2021-12-23,19.35,4.95,11.94,5.81,259547.0,彰化彰濱光電,99999.1
1818,2021-12-24,16.15,9.05,17.77,6.78,170908.0,彰化彰濱光電,99999.1
1819,2021-12-25,15.55,0.0,3.3,3.84,263010.0,彰化彰濱光電,99999.1
1820,2021-12-26,16.35,0.0,2.65,2.56,200526.0,彰化彰濱光電,99999.1
1821,2021-12-27,25.55,10.25,24.64,10.32,61344.0,彰化彰濱光電,99999.1
1822,2021-12-28,23.85,1.75,14.2,5.96,349211.0,彰化彰濱光電,99999.1
1823,2021-12-29,22.75,0.0,5.81,3.82,390567.0,彰化彰濱光電,99999.1
1824,2021-12-30,25.8,7.15,21.5,10.59,352481.0,彰化彰濱光電,99999.1
1825,2021-12-31,26.4,0.1,4.54,3.08,319297.0,彰化彰濱光電,99999.1
1826,2022-01-01,23.4,6.15,16.53,6.07,281182.0,彰化彰濱光電,99999.1
1827,2022-01-02,22.9,8.0,17.72,7.32,425907.0,彰化彰濱光電,99999.1
1828,2022-01-03,22.35,8.75,15.33,5.64,409700.0,彰化彰濱光電,99999.1
1829,2022-01-04,18.75,9.4,15.58,5.26,408931.0,彰化彰濱光電,99999.1
1830,2022-01-05,19.3,8.6,15.4,5.62,118829.0,彰化彰濱光電,99999.1
1831,2022-01-06,19.55,9.25,20.7,8.02,194369.0,彰化彰濱光電,99999.1
1832,2022-01-07,21.55,3.5,13.56,5.94,260718.0,彰化彰濱光電,99999.1
1833,2022-01-08,17.4,0.0,2.98,1.64,453835.0,彰化彰濱光電,99999.1
1834,2022-01-09,38.5,7.95,26.96,14.68,421986.0,彰化彰濱光電,99999.1
1835,2022-01-10,42.1,8.9,30.24,16.19,424322.0,彰化彰濱光電,99999.1
1836,2022-01-11,42.35,10.8,31.42,15.08,423332.0,彰化彰濱光電,99999.1
1837,2022-01-12,41.6,13.8,35.36,16.76,210279.0,彰化彰濱光電,99999.1
1838,2022-01-13,38.9,8.45,23.96,12.3,403046.0,彰化彰濱光電,99999.1
1839,2022-01-14,33.55,2.05,14.7,9.9,413655.0,彰化彰濱光電,99999.1
1840,2022-01-15,33.9,11.4,20.94,8.74,413952.0,彰化彰濱光電,99999.1
1841,2022-01-16,27.65,4.85,16.52,8.69,394023.0,彰化彰濱光電,99999.1
1842,2022-01-17,26.2,12.25,23.32,9.86,154292.0,彰化彰濱光電,99999.1
1843,2022-01-18,28.85,10.1,25.74,11.55,248573.0,彰化彰濱光電,99999.1
1844,2022-01-19,23.95,2.0,5.91,3.27,394349.0,彰化彰濱光電,99999.1
1845,2022-01-20,35.8,12.4,34.64,15.02,413539.0,彰化彰濱光電,99999.1
1846,2022-01-21,41.85,10.6,34.08,16.12,80687.0,彰化彰濱光電,99999.1
1847,2022-01-22,36.6,2.35,15.66,-42.92,136042.0,彰化彰濱光電,99999.1
1848,2022-01-23,38.85,2.1,14.52,8.07,156345.0,彰化彰濱光電,99999.1
1849,2022-01-24,39.45,8.9,25.31,15.12,102788.0,彰化彰濱光電,99999.1
1850,2022-01-25,40.6,9.15,24.06,7.1,415075.0,彰化彰濱光電,99999.1
1851,2022-01-26,32.65,2.35,12.89,6.56,293030.0,彰化彰濱光電,99999.1
1852,2022-01-27,26.85,6.45,16.58,7.43,348805.0,彰化彰濱光電,99999.1
1853,2022-01-28,28.95,3.65,15.44,7.72,137693.0,彰化彰濱光電,99999.1
1854,2022-01-29,26.2,0.2,6.35,4.56,170085.0,彰化彰濱光電,99999.1
1855,2022-01-30,21.4,0.35,12.94,6.35,193113.0,彰化彰濱光電,99999.1
1856,2022-01-31,25.95,0.0,6.94,4.78,445613.0,彰化彰濱光電,99999.1
1857,2022-02-01,38.45,15.15,38.22,17.06,96106.0,彰化彰濱光電,99999.1
1858,2022-02-02,36.55,1.2,15.02,8.8,239220.0,彰化彰濱光電,99999.1
1859,2022-02-03,38.5,7.45,25.38,15.74,83664.0,彰化彰濱光電,99999.1
1860,2022-02-04,43.2,12.45,33.74,16.56,395337.0,彰化彰濱光電,99999.1
1861,2022-02-05,41.3,6.05,23.61,14.1,282163.0,彰化彰濱光電,99999.1
1862,2022-02-06,37.1,8.15,23.52,12.07,474337.0,彰化彰濱光電,99999.1
1863,2022-02-07,33.2,4.3,17.95,10.86,237072.0,彰化彰濱光電,99999.1
1864,2022-02-08,32.95,0.4,10.24,6.89,298781.0,彰化彰濱光電,99999.1
1865,2022-02-09,18.3,14.25,24.4,9.01,390230.0,彰化彰濱光電,99999.1
1866,2022-02-10,17.9,6.95,17.97,8.98,280139.0,彰化彰濱光電,99999.1
1867,2022-02-11,27.0,14.95,31.37,14.26,157747.0,彰化彰濱光電,99999.1
1868,2022-02-12,34.6,9.55,26.74,13.12,139871.0,彰化彰濱光電,99999.1
1869,2022-02-13,34.85,8.25,26.65,11.94,263221.0,彰化彰濱光電,99999.1
1870,2022-02-14,35.5,2.0,16.81,10.85,240836.0,彰化彰濱光電,99999.1
1871,2022-02-15,40.25,10.1,33.06,16.91,376361.0,彰化彰濱光電,99999.1
1872,2022-02-16,15.6,3.2,10.66,3.7,498422.0,彰化彰濱光電,99999.1
1873,2022-02-17,14.15,0.0,3.3,1.52,195878.0,彰化彰濱光電,99999.1
1874,2022-02-18,18.35,2.05,10.54,5.72,276961.0,彰化彰濱光電,99999.1
1875,2022-02-19,22.1,0.4,5.88,4.36,107587.0,彰化彰濱光電,99999.1
1876,2022-02-20,23.15,0.75,10.84,5.02,56852.0,彰化彰濱光電,99999.1
1877,2022-02-21,26.15,5.15,18.16,8.33,82666.0,彰化彰濱光電,99999.1
1878,2022-02-22,26.05,5.95,19.49,10.05,93044.0,彰化彰濱光電,99999.1
1879,2022-02-23,25.45,5.5,17.32,9.3,88954.0,彰化彰濱光電,99999.1
1880,2022-02-24,26.7,4.05,14.08,6.05,355208.0,彰化彰濱光電,99999.1
1881,2022-02-25,21.75,10.25,20.84,7.94,467252.0,彰化彰濱光電,99999.1
1882,2022-02-26,18.65,1.6,10.7,5.72,355871.0,彰化彰濱光電,99999.1
1883,2022-02-27,17.45,4.5,12.45,5.52,578073.0,彰化彰濱光電,99999.1
1884,2022-02-28,18.05,7.45,17.22,6.68,531707.0,彰化彰濱光電,99999.1
1885,2022-03-01,17.9,3.1,14.58,6.04,528634.0,彰化彰濱光電,99999.1
1886,2022-03-02,18.65,8.35,22.04,7.48,430752.0,彰化彰濱光電,99999.1
1887,2022-03-03,21.85,2.85,13.23,6.61,490070.0,彰化彰濱光電,99999.1
1888,2022-03-04,26.15,5.9,21.74,8.96,429956.0,彰化彰濱光電,99999.1
1889,2022-03-05,25.8,6.8,22.96,8.76,404573.0,彰化彰濱光電,99999.1
1890,2022-03-06,25.15,3.95,15.2,6.6,447418.0,彰化彰濱光電,99999.1
1891,2022-03-07,24.15,1.05,10.9,6.48,68841.0,彰化彰濱光電,99999.1
1892,2022-03-08,25.4,6.1,17.06,6.55,612797.0,彰化彰濱光電,99999.1
1893,2022-03-09,22.8,9.25,18.38,7.18,596512.0,彰化彰濱光電,99999.1
1894,2022-03-10,19.35,2.25,9.13,4.45,587693.0,彰化彰濱光電,99999.1
1895,2022-03-11,20.6,4.2,12.74,6.14,579973.0,彰化彰濱光電,99999.1
1896,2022-03-12,16.4,9.1,18.37,6.37,439758.0,彰化彰濱光電,99999.1
1897,2022-03-13,18.4,8.3,18.63,7.68,562637.0,彰化彰濱光電,99999.1
1898,2022-03-14,17.5,0.45,3.92,2.19,418225.0,彰化彰濱光電,99999.1
1899,2022-03-15,25.05,8.85,24.7,12.1,455483.0,彰化彰濱光電,99999.1
1900,2022-03-16,24.1,2.7,13.97,-47.0,327736.0,彰化彰濱光電,99999.1
1901,2022-03-17,25.1,3.15,18.26,8.88,265987.0,彰化彰濱光電,99999.1
1902,2022-03-18,26.75,6.0,20.67,9.04,426413.0,彰化彰濱光電,99999.1
1903,2022-03-19,25.5,0.75,10.58,6.83,565441.0,彰化彰濱光電,99999.1
1904,2022-03-20,23.85,9.25,20.92,8.38,419845.0,彰化彰濱光電,99999.1
1905,2022-03-21,22.75,6.25,14.56,5.04,447428.0,彰化彰濱光電,99999.1
1906,2022-03-22,21.9,6.0,12.08,4.57,283029.0,彰化彰濱光電,99999.1
1907,2022-03-23,20.0,8.4,15.23,5.52,85469.0,彰化彰濱光電,99999.1
1908,2022-03-24,19.35,6.25,13.16,5.56,153254.0,彰化彰濱光電,99999.1
1909,2022-03-25,21.35,10.4,21.55,8.44,427191.0,彰化彰濱光電,99999.1
1910,2022-03-26,22.6,8.55,20.34,7.54,97699.0,彰化彰濱光電,99999.1
1911,2022-03-27,19.35,0.4,9.05,4.03,218831.0,彰化彰濱光電,99999.1
1912,2022-03-28,38.95,7.5,27.24,13.82,71443.0,彰化彰濱光電,99999.1
1913,2022-03-29,42.35,11.2,32.15,15.42,237964.0,彰化彰濱光電,99999.1
1914,2022-03-30,41.5,6.55,25.42,15.45,264644.0,彰化彰濱光電,99999.1
1915,2022-03-31,42.05,12.45,32.18,15.34,402939.0,彰化彰濱光電,99999.1
1916,2022-04-01,37.6,1.85,17.29,9.02,492153.0,彰化彰濱光電,99999.1
1917,2022-04-02,35.0,1.35,13.51,7.56,62795.0,彰化彰濱光電,99999.1
1918,2022-04-03,33.55,10.65,18.7,7.42,204587.0,彰化彰濱光電,99999.1
1919,2022-04-04,26.45,4.4,15.68,6.74,631834.0,彰化彰濱光電,99999.1
1920,2022-04-05,26.65,12.25,24.9,10.88,569588.0,彰化彰濱光電,99999.1
1921,2022-04-06,30.35,9.45,24.44,10.72,547680.0,彰化彰濱光電,99999.1
1922,2022-04-07,27.55,16.65,36.19,15.28,465715.0,彰化彰濱光電,99999.1
1923,2022-04-08,32.3,0.05,6.12,3.62,534441.0,彰化彰濱光電,99999.1
1924,2022-04-09,41.7,14.2,37.51,17.07,571659.0,彰化彰濱光電,99999.1
1925,2022-04-10,37.9,5.5,25.03,-40.18,578985.0,彰化彰濱光電,99999.1
1926,2022-04-11,41.55,9.75,30.62,13.75,554256.0,彰化彰濱光電,99999.1
1927,2022-04-12,39.7,11.5,31.06,14.41,574657.0,彰化彰濱光電,99999.1
1928,2022-04-13,41.25,12.1,26.9,8.72,543869.0,彰化彰濱光電,99999.1
1929,2022-04-14,34.5,12.95,27.04,11.23,502474.0,彰化彰濱光電,99999.1
1930,2022-04-15,28.5,0.0,8.01,4.05,523757.0,彰化彰濱光電,99999.1
1931,2022-04-16,26.3,0.7,9.9,5.1,381227.0,彰化彰濱光電,99999.1
1932,2022-04-17,27.75,9.4,21.68,9.75,338868.0,彰化彰濱光電,99999.1
1933,2022-04-18,23.7,11.3,27.62,12.2,437001.0,彰化彰濱光電,99999.1
1934,2022-04-19,33.95,6.55,27.44,17.7,102981.0,彰化彰濱光電,99999.1
1935,2022-04-20,38.1,9.55,29.38,16.56,451739.0,彰化彰濱光電,99999.1
1936,2022-04-21,35.95,0.45,11.08,7.91,543407.0,彰化彰濱光電,99999.1
1937,2022-04-22,37.45,5.9,21.98,16.88,589037.0,彰化彰濱光電,99999.1
1938,2022-04-23,43.2,12.75,35.6,17.03,428917.0,彰化彰濱光電,99999.1
1939,2022-04-24,40.4,10.2,27.78,16.42,543035.0,彰化彰濱光電,99999.1
1940,2022-04-25,38.3,12.55,28.74,14.77,573937.0,彰化彰濱光電,99999.1
1941,2022-04-26,32.3,1.6,14.38,7.79,591101.0,彰化彰濱光電,99999.1
1942,2022-04-27,33.65,0.85,10.64,7.03,588231.0,彰化彰濱光電,99999.1
1943,2022-04-28,18.1,14.15,24.4,8.96,488573.0,彰化彰濱光電,99999.1
1944,2022-04-29,17.95,10.5,22.85,10.69,536720.0,彰化彰濱光電,99999.1
1945,2022-04-30,22.95,1.85,14.48,8.38,529124.0,彰化彰濱光電,99999.1
1946,2022-05-01,31.95,8.55,25.33,13.23,309678.0,彰化彰濱光電,99999.1
1947,2022-05-02,32.7,0.55,14.28,9.65,156462.0,彰化彰濱光電,99999.1
1948,2022-05-03,38.35,9.55,29.66,14.09,224180.0,彰化彰濱光電,99999.1
1949,2022-05-04,40.9,13.85,36.56,16.9,191724.0,彰化彰濱光電,99999.1
1950,2022-05-05,15.5,9.95,19.56,5.54,360567.0,彰化彰濱光電,99999.1
1951,2022-05-06,13.95,1.95,9.33,3.36,590504.0,彰化彰濱光電,99999.1
1952,2022-05-07,13.65,0.0,0.83,0.86,567225.0,彰化彰濱光電,99999.1
1953,2022-05-08,22.8,1.5,6.76,5.11,308361.0,彰化彰濱光電,99999.1
1954,2022-05-09,23.1,0.9,12.38,4.81,222415.0,彰化彰濱光電,99999.1
1955,2022-05-10,26.85,7.45,21.95,11.24,532454.0,彰化彰濱光電,99999.1
1956,2022-05-11,25.45,3.9,13.38,6.56,376329.0,彰化彰濱光電,99999.1
1957,2022-05-12,26.5,4.65,18.44,10.3,112435.0,彰化彰濱光電,99999.1
1958,2022-05-13,27.1,8.6,20.8,8.34,29.0,彰化彰濱光電,99999.1
1959,2022-05-14,21.05,6.85,15.18,6.41,107937.0,彰化彰濱光電,99999.1
1960,2022-05-15,20.15,1.75,10.78,6.14,197122.0,彰化彰濱光電,99999.1
1961,2022-05-16,17.65,6.55,13.73,5.22,102448.0,彰化彰濱光電,99999.1
1962,2022-05-17,17.85,8.3,17.91,7.26,555413.0,彰化彰濱光電,99999.1
1963,2022-05-18,18.0,7.95,18.74,7.5,612882.0,彰化彰濱光電,99999.1
1964,2022-05-19,18.85,7.6,18.68,6.43,486673.0,彰化彰濱光電,99999.1
1965,2022-05-20,22.3,2.6,13.06,6.9,575618.0,彰化彰濱光電,99999.1
1966,2022-05-21,26.55,9.0,26.02,9.95,324596.0,彰化彰濱光電,99999.1
1967,2022-05-22,26.1,6.0,20.16,6.77,420692.0,彰化彰濱光電,99999.1
1968,2022-05-23,26.25,5.5,17.81,6.52,279283.0,彰化彰濱光電,99999.1
1969,2022-05-24,23.8,0.1,8.66,5.08,315167.0,彰化彰濱光電,99999.1
1970,2022-05-25,24.15,7.6,18.48,7.24,164505.0,彰化彰濱光電,99999.1
1971,2022-05-26,22.85,7.7,15.44,5.61,267533.0,彰化彰濱光電,99999.1
1972,2022-05-27,17.3,0.0,3.13,2.14,166676.0,彰化彰濱光電,99999.1
1973,2022-05-28,20.55,3.4,11.02,5.54,422948.0,彰化彰濱光電,99999.1
1974,2022-05-29,15.75,8.15,17.98,6.86,548247.0,彰化彰濱光電,99999.1
1975,2022-05-30,18.7,6.75,15.61,6.52,494314.0,彰化彰濱光電,99999.1
1976,2022-05-31,20.3,10.95,26.54,11.06,465830.0,彰化彰濱光電,99999.1
1977,2022-06-01,24.45,8.2,21.98,9.64,548110.0,彰化彰濱光電,99999.1
1978,2022-06-02,24.95,4.35,17.69,7.33,478694.0,彰化彰濱光電,99999.1
1979,2022-06-03,25.15,2.05,16.02,8.59,578122.0,彰化彰濱光電,99999.1
1980,2022-06-04,26.9,6.3,22.18,11.98,500707.0,彰化彰濱光電,99999.1
1981,2022-06-05,25.7,4.4,14.3,8.09,571748.0,彰化彰濱光電,99999.1
1982,2022-06-06,24.15,6.95,16.2,6.71,306959.0,彰化彰濱光電,99999.1
1983,2022-06-07,22.15,4.2,11.64,5.14,128372.0,彰化彰濱光電,99999.1
1984,2022-06-08,21.45,8.2,14.72,4.66,66759.0,彰化彰濱光電,99999.1
1985,2022-06-09,20.25,7.45,13.34,5.31,200467.0,彰化彰濱光電,99999.1
1986,2022-06-10,16.6,0.0,4.92,2.62,321945.0,彰化彰濱光電,99999.1
1987,2022-06-11,21.55,9.7,21.18,8.2,360739.0,彰化彰濱光電,99999.1
1988,2022-06-12,23.6,7.4,19.58,8.32,373708.0,彰化彰濱光電,99999.1
1989,2022-06-13,21.05,0.85,11.16,6.29,473547.0,彰化彰濱光電,99999.1
1990,2022-06-14,37.5,2.85,13.52,6.22,520973.0,彰化彰濱光電,99999.1
1991,2022-06-15,40.3,6.15,24.85,16.65,195224.0,彰化彰濱光電,99999.1
1992,2022-06-16,40.4,7.45,26.9,15.31,358761.0,彰化彰濱光電,99999.1
1993,2022-06-17,38.45,1.85,13.73,8.68,405062.0,彰化彰濱光電,99999.1
1994,2022-06-18,37.9,3.15,19.4,12.57,469112.0,彰化彰濱光電,99999.1
1995,2022-06-19,36.1,10.35,23.76,11.27,553045.0,彰化彰濱光電,99999.1
1996,2022-06-20,33.75,11.0,19.12,8.08,576048.0,彰化彰濱光電,99999.1
1997,2022-06-21,27.45,12.2,20.81,8.2,486680.0,彰化彰濱光電,99999.1
1998,2022-06-22,25.45,14.3,24.52,10.32,603178.0,彰化彰濱光電,99999.1
1999,2022-06-23,30.75,9.05,23.74,10.44,584360.0,彰化彰濱光電,99999.1
2000,2022-06-24,30.35,11.05,28.57,13.44,454165.0,彰化彰濱光電,99999.1
2001,2022-06-25,34.0,4.95,22.15,11.21,523825.0,彰化彰濱光電,99999.1
2002,2022-06-26,41.7,11.75,34.33,16.28,553853.0,彰化彰濱光電,99999.1
2003,2022-06-27,37.8,0.65,13.99,-43.92,577259.0,彰化彰濱光電,99999.1
2004,2022-06-28,40.6,6.2,22.7,12.07,589239.0,彰化彰濱光電,99999.1
2005,2022-06-29,39.8,13.85,33.35,14.56,468461.0,彰化彰濱光電,99999.1
2006,2022-06-30,41.0,14.5,31.05,9.46,578977.0,彰化彰濱光電,99999.1
2007,2022-07-01,36.45,7.9,21.96,9.38,525503.0,彰化彰濱光電,99999.1
2008,2022-07-02,28.65,0.55,9.3,5.44,370358.0,彰化彰濱光電,99999.1
2009,2022-07-03,23.05,0.7,11.0,6.38,445441.0,彰化彰濱光電,99999.1
2010,2022-07-04,28.7,13.4,25.48,10.5,536140.0,彰化彰濱光電,99999.1
2011,2022-07-05,25.9,12.0,29.36,14.5,550982.0,彰化彰濱光電,99999.1
2012,2022-07-06,34.25,0.0,5.42,5.67,546499.0,彰化彰濱光電,99999.1
2013,2022-07-07,39.05,11.85,32.75,18.13,607124.0,彰化彰濱光電,99999.1
2014,2022-07-08,35.75,0.25,13.54,11.44,545559.0,彰化彰濱光電,99999.1
2015,2022-07-09,39.75,10.65,33.59,17.24,548795.0,彰化彰濱光電,99999.1
2016,2022-07-10,42.25,9.75,30.34,15.12,601238.0,彰化彰濱光電,99999.1
2017,2022-07-11,41.2,15.1,36.42,18.4,566602.0,彰化彰濱光電,99999.1
2018,2022-07-12,39.6,8.75,22.7,11.96,499594.0,彰化彰濱光電,99999.1
2019,2022-07-13,33.65,10.55,22.28,10.41,584112.0,彰化彰濱光電,99999.1
2020,2022-07-14,33.0,3.6,15.94,9.36,558202.0,彰化彰濱光電,99999.1
2021,2022-07-15,19.6,14.2,23.9,9.19,219714.0,彰化彰濱光電,99999.1
2022,2022-07-16,21.7,9.5,23.96,11.06,505893.0,彰化彰濱光電,99999.1
2023,2022-07-17,20.9,3.05,15.36,7.49,518977.0,彰化彰濱光電,99999.1
2024,2022-07-18,27.15,0.05,8.63,6.12,493969.0,彰化彰濱光電,99999.1
2025,2022-07-19,31.25,0.95,16.2,8.52,446977.0,彰化彰濱光電,99999.1
2026,2022-07-20,38.55,8.1,26.84,11.73,575789.0,彰化彰濱光電,99999.1
2027,2022-07-21,40.7,10.25,32.94,15.94,578142.0,彰化彰濱光電,99999.1
2028,2022-07-22,15.9,10.05,19.38,5.74,571402.0,彰化彰濱光電,99999.1
2029,2022-07-23,14.35,0.0,4.74,2.02,584342.0,彰化彰濱光電,99999.1
2030,2022-07-24,18.0,10.35,18.36,8.07,567254.0,彰化彰濱光電,99999.1
2031,2022-07-25,18.1,0.0,1.88,1.93,568147.0,彰化彰濱光電,99999.1
2032,2022-07-26,23.05,0.2,7.28,3.24,565269.0,彰化彰濱光電,99999.1
2033,2022-07-27,26.9,8.35,23.42,11.86,561418.0,彰化彰濱光電,99999.1
2034,2022-07-28,26.25,4.8,17.1,7.78,545866.0,彰化彰濱光電,99999.1
2035,2022-07-29,25.5,5.25,19.1,10.14,555830.0,彰化彰濱光電,99999.1
2036,2022-07-30,27.15,6.75,18.45,7.9,515616.0,彰化彰濱光電,99999.1
2037,2022-07-31,20.45,6.9,14.94,5.35,508684.0,彰化彰濱光電,99999.1
2038,2022-08-01,21.5,4.25,12.98,6.21,349297.0,彰化彰濱光電,99999.1
2039,2022-08-02,17.4,4.5,10.93,4.17,223604.0,彰化彰濱光電,99999.1
2040,2022-08-03,16.3,1.05,8.43,1.98,505010.0,彰化彰濱光電,99999.1
2041,2022-08-04,17.4,6.1,17.04,5.88,537178.0,彰化彰濱光電,99999.1
2042,2022-08-05,19.15,7.1,19.07,6.82,590793.0,彰化彰濱光電,99999.1
2043,2022-08-06,22.55,2.15,12.6,4.86,596093.0,彰化彰濱光電,99999.1
2044,2022-08-07,27.15,10.75,29.35,10.52,582873.0,彰化彰濱光電,99999.1
2045,2022-08-08,25.7,7.05,22.1,8.64,603003.0,彰化彰濱光電,99999.1
2046,2022-08-09,25.8,3.8,16.66,7.17,546979.0,彰化彰濱光電,99999.1
2047,2022-08-10,23.75,1.6,12.14,8.82,573735.0,彰化彰濱光電,99999.1
2048,2022-08-11,24.25,7.1,18.54,6.88,555917.0,彰化彰濱光電,99999.1
2049,2022-08-12,21.9,9.15,19.01,7.09,534289.0,彰化彰濱光電,99999.1
2050,2022-08-13,19.65,0.2,7.75,3.94,578775.0,彰化彰濱光電,99999.1
2051,2022-08-14,18.3,5.65,12.86,6.04,567676.0,彰化彰濱光電,99999.1
2052,2022-08-15,15.1,3.1,13.0,6.5,554324.0,彰化彰濱光電,99999.1
2053,2022-08-16,19.7,8.05,19.6,8.32,543284.0,彰化彰濱光電,99999.1
2054,2022-08-17,21.35,8.65,21.62,8.2,394013.0,彰化彰濱光電,99999.1
2055,2022-08-18,24.6,7.0,21.58,9.32,358183.0,彰化彰濱光電,99999.1
2056,2022-08-19,24.3,1.7,10.56,4.24,521452.0,彰化彰濱光電,99999.1
2057,2022-08-20,25.9,4.0,16.23,7.27,566169.0,彰化彰濱光電,99999.1
2058,2022-08-21,25.25,5.65,17.66,9.84,576901.0,彰化彰濱光電,99999.1
2059,2022-08-22,26.1,7.1,20.96,9.72,563163.0,彰化彰濱光電,99999.1
2060,2022-08-23,24.75,4.7,16.07,8.39,543878.0,彰化彰濱光電,99999.1
2061,2022-08-24,22.3,6.4,13.96,5.68,453715.0,彰化彰濱光電,99999.1
2062,2022-08-25,21.55,6.85,14.3,5.5,554054.0,彰化彰濱光電,99999.1
2063,2022-08-26,17.1,7.4,14.2,5.98,570920.0,彰化彰濱光電,99999.1
2064,2022-08-27,15.05,3.7,11.68,4.44,559814.0,彰化彰濱光電,99999.1
2065,2022-08-28,20.2,9.1,20.1,7.38,268810.0,彰化彰濱光電,99999.1
2066,2022-08-29,23.15,7.75,19.36,8.56,568760.0,彰化彰濱光電,99999.1
2067,2022-08-30,21.45,0.05,8.43,4.04,501350.0,彰化彰濱光電,99999.1
2068,2022-08-31,35.75,0.55,9.64,6.28,508455.0,彰化彰濱光電,99999.1
2069,2022-09-01,41.1,11.3,32.3,15.31,511189.0,彰化彰濱光電,99999.1
2070,2022-09-02,40.55,8.85,29.33,14.84,230180.0,彰化彰濱光電,99999.1
2071,2022-09-03,38.15,1.6,16.22,10.88,284718.0,彰化彰濱光電,99999.1
2072,2022-09-04,36.45,0.3,13.1,9.59,452313.0,彰化彰濱光電,99999.1
2073,2022-09-05,36.75,9.6,21.42,9.54,470908.0,彰化彰濱光電,99999.1
2074,2022-09-06,32.0,12.4,22.54,8.45,312049.0,彰化彰濱光電,99999.1
2075,2022-09-07,28.3,2.15,11.18,6.71,358072.0,彰化彰濱光電,99999.1
2076,2022-09-08,25.0,12.4,23.73,10.34,570307.0,彰化彰濱光電,99999.1
2077,2022-09-09,27.45,5.3,17.8,8.34,566372.0,彰化彰濱光電,99999.1
2078,2022-09-10,33.6,12.0,30.58,14.06,532820.0,彰化彰濱光電,99999.1
2079,2022-09-11,32.5,1.4,15.12,10.25,399254.0,彰化彰濱光電,99999.1
2080,2022-09-12,42.6,11.75,35.08,17.28,358917.0,彰化彰濱光電,99999.1
2081,2022-09-13,38.1,1.5,14.38,-43.16,538032.0,彰化彰濱光電,99999.1
2082,2022-09-14,42.8,13.7,36.84,15.93,530208.0,彰化彰濱光電,99999.1
2083,2022-09-15,40.5,13.9,33.72,14.67,546276.0,彰化彰濱光電,99999.1
2084,2022-09-16,40.1,10.3,24.58,7.64,532646.0,彰化彰濱光電,99999.1
2085,2022-09-17,35.65,13.7,27.94,11.51,553419.0,彰化彰濱光電,99999.1
2086,2022-09-18,30.2,4.65,16.41,7.04,508954.0,彰化彰濱光電,99999.1
2087,2022-09-19,20.25,0.0,5.38,2.61,523066.0,彰化彰濱光電,99999.1
2088,2022-09-20,29.55,14.65,26.73,10.77,545703.0,彰化彰濱光電,99999.1
2089,2022-09-21,27.55,14.0,31.88,14.5,542813.0,彰化彰濱光電,99999.1
2090,2022-09-22,29.55,1.05,13.12,8.96,547679.0,彰化彰濱光電,99999.1
2091,2022-09-23,39.65,14.45,36.65,17.23,534317.0,彰化彰濱光電,99999.1
2092,2022-09-24,35.1,0.15,7.6,8.68,512315.0,彰化彰濱光電,99999.1
2093,2022-09-25,40.45,11.2,30.9,13.66,490668.0,彰化彰濱光電,99999.1
2094,2022-09-26,41.45,8.1,27.36,14.16,493768.0,彰化彰濱光電,99999.1
2095,2022-09-27,42.3,13.4,34.48,18.56,443031.0,彰化彰濱光電,99999.1
2096,2022-09-28,39.8,10.85,26.16,12.48,477975.0,彰化彰濱光電,99999.1
2097,2022-09-29,34.3,8.5,21.46,9.88,424090.0,彰化彰濱光電,99999.1
2098,2022-09-30,34.1,5.3,16.24,8.04,456498.0,彰化彰濱光電,99999.1
2099,2022-10-01,22.0,14.1,23.6,9.44,446341.0,彰化彰濱光電,99999.1
2100,2022-10-02,20.0,13.8,25.6,10.62,454281.0,彰化彰濱光電,99999.1
2101,2022-10-03,23.2,10.85,24.48,10.62,451354.0,彰化彰濱光電,99999.1
2102,2022-10-04,27.75,3.95,17.67,11.1,419877.0,彰化彰濱光電,99999.1
2103,2022-10-05,33.1,8.0,26.95,13.06,428926.0,彰化彰濱光電,99999.1
2104,2022-10-06,38.25,3.65,22.48,11.73,448339.0,彰化彰濱光電,99999.1
2105,2022-10-07,40.95,11.4,33.66,15.0,444874.0,彰化彰濱光電,99999.1
2106,2022-10-08,18.0,10.0,19.56,6.22,467788.0,彰化彰濱光電,99999.1
2107,2022-10-09,15.95,4.45,14.12,5.28,435255.0,彰化彰濱光電,99999.1
2108,2022-10-10,18.35,8.3,19.94,6.52,402797.0,彰化彰濱光電,99999.1
2109,2022-10-11,17.8,4.15,12.62,5.63,332431.0,彰化彰濱光電,99999.1
2110,2022-10-12,24.35,2.7,14.95,5.04,449760.0,彰化彰濱光電,99999.1
2111,2022-10-13,27.05,7.7,25.02,11.16,449703.0,彰化彰濱光電,99999.1
2112,2022-10-14,26.9,3.25,12.7,5.52,421267.0,彰化彰濱光電,99999.1
2113,2022-10-15,26.25,10.45,28.1,11.94,100263.0,彰化彰濱光電,99999.1
2114,2022-10-16,26.95,7.05,19.4,8.62,65424.0,彰化彰濱光電,99999.1
2115,2022-10-17,20.0,3.8,13.64,5.83,291073.0,彰化彰濱光電,99999.1
2116,2022-10-18,22.6,9.0,16.59,6.14,224794.0,彰化彰濱光電,99999.1
2117,2022-10-19,17.85,2.45,10.16,4.43,276576.0,彰化彰濱光電,99999.1
2118,2022-10-20,16.35,1.45,10.2,5.89,290795.0,彰化彰濱光電,99999.1
2119,2022-10-21,18.0,0.7,6.5,3.36,339225.0,彰化彰濱光電,99999.1
2120,2022-10-22,20.15,10.3,24.92,8.82,181018.0,彰化彰濱光電,99999.1
2121,2022-10-23,22.85,0.4,9.97,3.97,131136.0,彰化彰濱光電,99999.1
2122,2022-10-24,27.55,10.1,28.43,10.51,348498.0,彰化彰濱光電,99999.1
2123,2022-10-25,25.25,4.95,18.93,7.87,321465.0,彰化彰濱光電,99999.1
2124,2022-10-26,26.2,7.8,23.61,8.86,365493.0,彰化彰濱光電,99999.1
2125,2022-10-27,23.2,0.0,8.32,4.31,354817.0,彰化彰濱光電,99999.1
2126,2022-10-28,23.8,6.65,17.72,7.07,369225.0,彰化彰濱光電,99999.1
2127,2022-10-29,19.65,8.1,16.94,5.65,348548.0,彰化彰濱光電,99999.1
2128,2022-10-30,18.75,0.0,5.19,3.44,265103.0,彰化彰濱光電,99999.1
2129,2022-10-31,17.05,7.0,15.18,6.9,72770.0,彰化彰濱光電,99999.1
2130,2022-11-01,15.55,8.45,18.37,6.92,395586.0,彰化彰濱光電,99999.1
2131,2022-11-02,20.35,6.35,16.04,6.96,303908.0,彰化彰濱光電,99999.1
2132,2022-11-03,23.15,10.05,22.6,8.72,431817.0,彰化彰濱光電,99999.1
2133,2022-11-04,24.3,6.65,19.56,8.51,412283.0,彰化彰濱光電,99999.1
2134,2022-11-05,23.4,0.9,8.36,4.54,277843.0,彰化彰濱光電,99999.1
2135,2022-11-06,27.2,6.7,22.91,11.34,386687.0,彰化彰濱光電,99999.1
2136,2022-11-07,25.5,4.3,16.87,10.58,323549.0,彰化彰濱光電,99999.1
2137,2022-11-08,27.85,9.5,25.99,11.43,195477.0,彰化彰濱光電,99999.1
2138,2022-11-09,24.8,3.4,12.25,6.64,431829.0,彰化彰濱光電,99999.1
2139,2022-11-10,22.35,7.45,15.24,5.33,351264.0,彰化彰濱光電,99999.1
2140,2022-11-11,19.3,9.8,16.38,5.56,231101.0,彰化彰濱光電,99999.1
2141,2022-11-12,17.85,3.65,9.82,4.94,248063.0,彰化彰濱光電,99999.1
2142,2022-11-13,12.9,0.25,4.31,2.64,381090.0,彰化彰濱光電,99999.1
2143,2022-11-14,19.55,7.4,17.58,6.38,363409.0,彰化彰濱光電,99999.1
2144,2022-11-15,19.85,3.4,12.61,6.52,376369.0,彰化彰濱光電,99999.1
2145,2022-11-16,22.2,4.25,17.16,7.1,347787.0,彰化彰濱光電,99999.1
2146,2022-11-17,36.3,0.9,11.74,8.69,350429.0,彰化彰濱光電,99999.1
2147,2022-11-18,42.4,12.85,37.76,18.59,328867.0,彰化彰濱光電,99999.1
2148,2022-11-19,39.45,3.0,16.98,12.4,274357.0,彰化彰濱光電,99999.1
2149,2022-11-20,39.45,4.8,24.43,15.9,344161.0,彰化彰濱光電,99999.1
2150,2022-11-21,35.9,0.0,9.6,7.04,353903.0,彰化彰濱光電,99999.1
2151,2022-11-22,37.5,14.7,27.09,12.17,158008.0,彰化彰濱光電,99999.1
2152,2022-11-23,31.0,12.45,21.58,8.69,111572.0,彰化彰濱光電,99999.1
2153,2022-11-24,31.0,12.0,22.97,9.84,197866.0,彰化彰濱光電,99999.1
2154,2022-11-25,23.4,11.65,22.62,10.08,169814.0,彰化彰濱光電,99999.1
2155,2022-11-26,29.5,13.1,27.18,10.52,263624.0,彰化彰濱光電,99999.1
2156,2022-11-27,35.9,12.9,30.24,13.79,344784.0,彰化彰濱光電,99999.1
2157,2022-11-28,32.65,0.2,13.24,8.78,415277.0,彰化彰濱光電,99999.1
2158,2022-11-29,43.05,11.4,36.74,17.18,378201.0,彰化彰濱光電,99999.1
2159,2022-11-30,37.3,0.3,11.89,-44.46,396123.0,彰化彰濱光電,99999.1
2160,2022-12-01,42.6,12.05,31.96,15.23,385784.0,彰化彰濱光電,99999.1
2161,2022-12-02,40.85,13.1,34.51,15.72,330297.0,彰化彰濱光電,99999.1
2162,2022-12-03,39.85,8.9,21.6,9.02,181918.0,彰化彰濱光電,99999.1
2163,2022-12-04,34.6,12.1,24.09,9.91,157978.0,彰化彰濱光電,99999.1
2164,2022-12-05,31.0,0.05,9.23,4.59,280330.0,彰化彰濱光電,99999.1
2165,2022-12-06,24.1,13.25,23.3,9.15,283056.0,彰化彰濱光電,99999.1
2166,2022-12-07,27.6,0.4,12.78,7.41,338486.0,彰化彰濱光電,99999.1
2167,2022-12-08,29.35,15.95,32.3,14.51,384375.0,彰化彰濱光電,99999.1
2168,2022-12-09,24.8,0.0,4.51,3.53,285034.0,彰化彰濱光電,99999.1
2169,2022-12-10,38.45,8.05,28.54,13.54,331431.0,彰化彰濱光電,99999.1
2170,2022-12-11,38.4,6.15,24.38,14.78,336123.0,彰化彰濱光電,99999.1
2171,2022-12-12,40.55,10.2,31.71,14.99,196004.0,彰化彰濱光電,99999.1
2172,2022-12-13,42.0,8.75,29.91,15.05,224035.0,彰化彰濱光電,99999.1
2173,2022-12-14,39.05,1.55,14.95,9.86,175390.0,彰化彰濱光電,99999.1
2174,2022-12-15,40.2,13.45,28.42,13.48,286368.0,彰化彰濱光電,99999.1
2175,2022-12-16,34.95,12.2,24.6,11.68,174393.0,彰化彰濱光電,99999.1
2176,2022-12-17,36.7,11.9,23.24,10.22,171341.0,彰化彰濱光電,99999.1
2177,2022-12-18,24.2,14.05,23.76,9.32,395309.0,彰化彰濱光電,99999.1
2178,2022-12-19,15.5,5.85,18.47,8.38,396893.0,彰化彰濱光電,99999.1
2179,2022-12-20,24.1,14.5,30.57,13.18,371282.0,彰化彰濱光電,99999.1
2180,2022-12-21,27.7,2.25,17.97,11.26,277268.0,彰化彰濱光電,99999.1
2181,2022-12-22,36.15,14.15,33.8,14.34,436023.0,彰化彰濱光電,99999.1
2182,2022-12-23,39.2,12.9,36.07,15.88,384230.0,彰化彰濱光電,99999.1
2183,2022-12-24,41.15,0.0,16.4,10.56,416352.0,彰化彰濱光電,99999.1
2184,2022-12-25,19.75,9.75,18.35,6.22,408499.0,彰化彰濱光電,99999.1
2185,2022-12-26,19.8,6.65,20.35,6.58,401761.0,彰化彰濱光電,99999.1
2186,2022-12-27,19.55,7.9,14.37,7.62,398776.0,彰化彰濱光電,99999.1
2189,2022-12-30,25.05,0.0,4.34,3.28,10032.0,彰化彰濱光電,99999.1
2190,2022-12-31,27.2,7.85,22.22,10.16,308506.0,彰化彰濱光電,99999.1
2191,2023-01-01,26.2,6.75,18.18,7.65,102577.0,彰化彰濱光電,99999.1
2192,2023-01-02,21.1,9.5,19.74,7.63,138855.0,彰化彰濱光電,99999.1
2193,2023-01-03,22.25,7.55,15.78,5.84,122756.0,彰化彰濱光電,99999.1
2194,2023-01-04,17.75,8.6,14.88,0.0,298232.0,彰化彰濱光電,99999.1
2195,2023-01-05,13.6,0.05,5.75,3.78,291350.0,彰化彰濱光電,99999.1
2196,2023-01-06,20.8,8.05,21.19,7.38,137673.0,彰化彰濱光電,99999.1
2197,2023-01-07,23.45,2.7,14.64,6.81,338688.0,彰化彰濱光電,99999.1
2198,2023-01-08,27.3,6.7,22.75,9.23,323961.0,彰化彰濱光電,99999.1
2199,2023-01-09,25.95,6.05,21.56,8.91,206803.0,彰化彰濱光電,99999.1
2200,2023-01-10,26.2,6.8,20.84,7.64,132910.0,彰化彰濱光電,99999.1
2201,2023-01-11,23.2,0.3,10.62,6.42,112003.0,彰化彰濱光電,99999.1
2202,2023-01-12,23.35,7.35,18.52,6.96,172356.0,彰化彰濱光電,99999.1
2203,2023-01-13,19.95,10.3,20.96,7.8,371845.0,彰化彰濱光電,99999.1
2204,2023-01-14,19.7,4.3,11.61,4.72,329125.0,彰化彰濱光電,99999.1
2205,2023-01-15,15.0,7.95,16.04,6.89,358415.0,彰化彰濱光電,99999.1
2206,2023-01-16,16.95,9.85,18.89,7.32,178868.0,彰化彰濱光電,99999.1
2207,2023-01-17,21.9,4.95,17.08,8.89,114748.0,彰化彰濱光電,99999.1
2208,2023-01-18,24.7,8.25,21.57,9.04,288048.0,彰化彰濱光電,99999.1
2209,2023-01-19,22.95,0.2,12.08,7.44,363627.0,彰化彰濱光電,99999.1
2210,2023-01-20,27.0,3.75,17.74,8.12,266648.0,彰化彰濱光電,99999.1
2211,2023-01-21,27.1,9.05,24.42,11.58,344439.0,彰化彰濱光電,99999.1
2212,2023-01-22,26.65,1.95,11.74,6.45,304637.0,彰化彰濱光電,99999.1
2213,2023-01-23,25.5,5.25,16.28,8.54,252267.0,彰化彰濱光電,99999.1
2214,2023-01-24,21.9,8.1,17.51,6.98,282712.0,彰化彰濱光電,99999.1
2215,2023-01-25,18.6,5.75,13.19,5.0,351705.0,彰化彰濱光電,99999.1
2216,2023-01-26,17.05,0.0,0.28,0.69,134478.0,彰化彰濱光電,99999.1
2217,2023-01-27,11.5,1.1,6.64,3.55,353982.0,彰化彰濱光電,99999.1
2218,2023-01-28,20.7,4.15,13.7,5.68,294183.0,彰化彰濱光電,99999.1
2219,2023-01-29,19.1,5.3,18.06,8.3,361181.0,彰化彰濱光電,99999.1
2220,2023-01-30,22.8,10.35,26.12,9.52,382867.0,彰化彰濱光電,99999.1
2221,2023-01-31,37.35,5.25,23.84,14.4,365039.0,彰化彰濱光電,99999.1
2222,2023-02-01,42.7,10.4,32.92,16.87,315988.0,彰化彰濱光電,99999.1
2223,2023-02-02,40.85,7.55,24.98,12.3,324624.0,彰化彰濱光電,99999.1
2224,2023-02-03,40.4,10.55,31.01,15.74,209442.0,彰化彰濱光電,99999.1
2225,2023-02-04,38.2,9.6,27.67,15.74,212055.0,彰化彰濱光電,99999.1
2226,2023-02-05,36.25,7.7,19.8,10.56,51174.0,彰化彰濱光電,99999.1
2227,2023-02-06,30.1,11.8,21.68,8.49,211054.0,彰化彰濱光電,99999.1
2228,2023-02-07,30.3,2.45,13.29,7.64,202002.0,彰化彰濱光電,99999.1
2229,2023-02-08,22.6,7.5,19.7,10.22,181016.0,彰化彰濱光電,99999.1
2230,2023-02-09,35.95,13.55,30.6,12.72,156489.0,彰化彰濱光電,99999.1
2231,2023-02-10,30.55,0.0,5.93,3.36,313811.0,彰化彰濱光電,99999.1
2232,2023-02-11,40.7,3.85,13.72,9.22,196441.0,彰化彰濱光電,99999.1
2233,2023-02-12,37.35,1.15,14.46,10.26,364138.0,彰化彰濱光電,99999.1
2234,2023-02-13,41.8,10.8,31.38,15.92,413625.0,彰化彰濱光電,99999.1
2235,2023-02-14,41.35,15.25,35.79,15.61,106704.0,彰化彰濱光電,99999.1
2236,2023-02-15,40.35,12.5,28.0,11.55,429171.0,彰化彰濱光電,99999.1
2237,2023-02-16,32.95,9.0,21.46,10.24,441284.0,彰化彰濱光電,99999.1
2238,2023-02-17,32.65,6.95,18.71,8.55,332689.0,彰化彰濱光電,99999.1
2239,2023-02-18,25.5,13.55,23.29,9.22,299395.0,彰化彰濱光電,99999.1
2240,2023-02-19,24.35,0.0,6.04,3.56,275518.0,彰化彰濱光電,99999.1
2241,2023-02-20,30.65,8.95,28.55,13.98,448128.0,彰化彰濱光電,99999.1
2242,2023-02-21,38.85,13.2,34.55,15.97,150200.0,彰化彰濱光電,99999.1
2243,2023-02-22,39.5,11.75,32.28,16.24,194576.0,彰化彰濱光電,99999.1
2244,2023-02-23,38.1,4.25,18.45,12.7,107775.0,彰化彰濱光電,99999.1
2245,2023-02-24,40.85,7.35,23.04,12.72,100505.0,彰化彰濱光電,99999.1
2246,2023-02-25,39.35,7.8,22.34,12.25,247368.0,彰化彰濱光電,99999.1
2247,2023-02-26,39.8,8.6,24.92,10.86,314085.0,彰化彰濱光電,99999.1
2248,2023-02-27,35.65,12.5,24.72,11.34,333060.0,彰化彰濱光電,99999.1
2249,2023-02-28,37.5,12.95,23.12,9.8,158056.0,彰化彰濱光電,99999.1
2250,2023-03-01,24.55,0.05,7.47,4.51,336548.0,彰化彰濱光電,99999.1
2251,2023-03-02,18.75,13.9,26.2,10.51,337620.0,彰化彰濱光電,99999.1
2252,2023-03-03,29.25,3.05,13.1,7.61,355204.0,彰化彰濱光電,99999.1
2253,2023-03-04,37.25,9.6,30.39,12.8,353299.0,彰化彰濱光電,99999.1
2254,2023-03-05,40.4,9.5,31.98,13.47,381822.0,彰化彰濱光電,99999.1
2255,2023-03-06,39.4,7.25,25.26,14.06,369262.0,彰化彰濱光電,99999.1
2256,2023-03-07,19.6,6.95,18.02,6.44,369293.0,彰化彰濱光電,99999.1
2257,2023-03-08,20.7,4.1,18.05,5.74,339375.0,彰化彰濱光電,99999.1
2258,2023-03-09,20.6,9.45,14.65,7.48,351808.0,彰化彰濱光電,99999.1
2259,2023-03-10,23.2,0.65,9.17,4.08,364548.0,彰化彰濱光電,99999.1
2260,2023-03-11,25.25,6.6,20.7,9.75,359884.0,彰化彰濱光電,99999.1
2261,2023-03-12,25.65,2.6,15.58,11.27,331054.0,彰化彰濱光電,99999.1
2262,2023-03-13,27.25,3.85,17.06,9.06,230825.0,彰化彰濱光電,99999.1
2263,2023-03-14,26.7,7.3,20.17,8.68,311982.0,彰化彰濱光電,99999.1
2264,2023-03-15,20.1,10.0,20.34,7.43,353344.0,彰化彰濱光電,99999.1
2265,2023-03-16,21.55,9.25,16.98,6.11,342077.0,彰化彰濱光電,99999.1
2266,2023-03-17,17.55,6.15,12.91,0.0,253863.0,彰化彰濱光電,99999.1
2267,2023-03-18,12.6,0.2,4.6,3.06,362425.0,彰化彰濱光電,99999.1
2268,2023-03-19,21.0,8.55,20.86,6.46,259494.0,彰化彰濱光電,99999.1
2269,2023-03-20,24.2,5.15,18.72,7.36,359354.0,彰化彰濱光電,99999.1
2270,2023-03-21,27.2,8.0,23.46,9.84,322318.0,彰化彰濱光電,99999.1
2271,2023-03-22,25.0,2.7,13.83,7.94,353378.0,彰化彰濱光電,99999.1
2272,2023-03-23,26.8,8.15,23.47,9.06,408314.0,彰化彰濱光電,99999.1
2273,2023-03-24,24.2,0.1,11.2,6.4,400791.0,彰化彰濱光電,99999.1
2274,2023-03-25,24.1,9.1,21.51,7.7,273643.0,彰化彰濱光電,99999.1
2275,2023-03-26,21.95,8.9,19.18,7.72,152244.0,彰化彰濱光電,99999.1
2276,2023-03-27,19.95,7.9,16.0,5.96,266098.0,彰化彰濱光電,99999.1
2277,2023-03-28,15.3,3.7,10.92,5.11,234174.0,彰化彰濱光電,99999.1
2278,2023-03-29,18.35,7.5,16.12,6.6,73161.0,彰化彰濱光電,99999.1
2279,2023-03-30,21.15,5.65,18.05,7.07,349580.0,彰化彰濱光電,99999.1
2280,2023-03-31,24.75,5.05,17.45,8.28,117351.0,彰化彰濱光電,99999.1
2281,2023-04-01,24.0,4.25,16.91,8.2,94110.0,彰化彰濱光電,99999.1
2282,2023-04-02,25.95,3.75,16.71,9.01,538597.0,彰化彰濱光電,99999.1
2283,2023-04-03,27.7,8.55,25.39,10.34,471949.0,彰化彰濱光電,99999.1
2284,2023-04-04,25.15,3.05,11.73,7.1,292464.0,彰化彰濱光電,99999.1
2285,2023-04-05,24.3,0.05,7.06,5.47,234805.0,彰化彰濱光電,99999.1
2286,2023-04-06,23.5,7.45,16.42,7.55,260086.0,彰化彰濱光電,99999.1
2287,2023-04-07,18.95,9.45,15.83,5.12,408630.0,彰化彰濱光電,99999.1
2288,2023-04-08,17.7,0.0,4.22,2.22,286472.0,彰化彰濱光電,99999.1
2289,2023-04-09,10.65,8.15,16.82,6.95,513140.0,彰化彰濱光電,99999.1
2290,2023-04-10,20.15,1.4,9.18,4.56,501373.0,彰化彰濱光電,99999.1
2291,2023-04-11,23.35,9.1,24.02,9.04,480345.0,彰化彰濱光電,99999.1
2292,2023-04-12,39.0,7.25,27.36,14.65,388967.0,彰化彰濱光電,99999.1
2293,2023-04-13,42.05,8.8,27.66,15.29,328884.0,彰化彰濱光電,99999.1
2294,2023-04-14,26.4,0.0,8.04,5.74,447794.0,彰化彰濱光電,99999.1
2295,2023-04-15,40.65,6.9,23.22,13.54,230071.0,彰化彰濱光電,99999.1
2296,2023-04-16,36.45,3.05,17.62,11.48,508967.0,彰化彰濱光電,99999.1
2297,2023-04-17,35.0,10.8,23.87,12.16,493731.0,彰化彰濱光電,99999.1
2298,2023-04-18,29.8,1.2,10.02,4.96,175579.0,彰化彰濱光電,99999.1
2299,2023-04-19,20.35,7.2,16.37,7.82,97547.0,彰化彰濱光電,99999.1
2300,2023-04-20,22.75,13.15,24.17,10.45,92900.0,彰化彰濱光電,99999.1
2301,2023-04-21,37.15,4.35,18.99,7.77,445863.0,彰化彰濱光電,99999.1
2302,2023-04-22,34.15,15.3,37.24,15.08,372196.0,彰化彰濱光電,99999.1
2303,2023-04-23,35.9,0.05,5.32,6.5,455035.0,彰化彰濱光電,99999.1
2304,2023-04-24,40.15,8.5,28.46,13.47,362967.0,彰化彰濱光電,99999.1
2305,2023-04-25,41.35,5.7,25.43,13.81,282965.0,彰化彰濱光電,99999.1
2306,2023-04-26,39.6,0.25,13.98,6.96,282639.0,彰化彰濱光電,99999.1
2307,2023-04-27,40.2,10.85,26.0,10.93,470586.0,彰化彰濱光電,99999.1
2308,2023-04-28,33.5,4.1,18.44,9.67,478398.0,彰化彰濱光電,99999.1
2309,2023-04-29,30.45,6.3,17.84,7.78,479111.0,彰化彰濱光電,99999.1
2310,2023-04-30,25.0,4.4,17.44,8.04,394935.0,彰化彰濱光電,99999.1
2311,2023-05-01,20.6,2.65,11.2,5.54,509746.0,彰化彰濱光電,99999.1
2312,2023-05-02,33.85,7.15,24.47,14.9,426137.0,彰化彰濱光電,99999.1
2313,2023-05-03,35.7,6.55,28.77,15.06,434261.0,彰化彰濱光電,99999.1
2314,2023-05-04,39.8,9.2,26.4,13.61,507685.0,彰化彰濱光電,99999.1
2315,2023-05-05,40.1,13.0,35.24,16.38,498555.0,彰化彰濱光電,99999.1
2316,2023-05-06,40.2,8.5,27.08,16.26,475953.0,彰化彰濱光電,99999.1
2317,2023-05-07,39.75,8.1,24.74,13.77,202171.0,彰化彰濱光電,99999.1
2318,2023-05-08,39.85,8.25,23.22,11.24,456572.0,彰化彰濱光電,99999.1
2319,2023-05-09,35.75,9.5,22.74,11.25,429503.0,彰化彰濱光電,99999.1
2320,2023-05-10,33.6,11.9,22.84,10.43,369363.0,彰化彰濱光電,99999.1
2321,2023-05-11,25.3,1.6,13.37,7.16,443188.0,彰化彰濱光電,99999.1
2322,2023-05-12,20.75,15.1,28.06,10.8,302704.0,彰化彰濱光電,99999.1
2323,2023-05-13,30.65,3.8,21.42,11.8,249245.0,彰化彰濱光電,99999.1
2324,2023-05-14,34.45,4.4,23.17,12.38,166975.0,彰化彰濱光電,99999.1
2325,2023-05-15,42.4,11.3,33.22,15.06,269592.0,彰化彰濱光電,99999.1
2326,2023-05-16,39.35,5.05,24.41,15.24,486966.0,彰化彰濱光電,99999.1
2327,2023-05-17,17.75,4.0,13.14,5.31,535782.0,彰化彰濱光電,99999.1
2328,2023-05-18,20.1,4.35,16.29,5.48,288233.0,彰化彰濱光電,99999.1
2329,2023-05-19,25.0,4.35,19.1,7.49,136404.0,彰化彰濱光電,99999.1
2330,2023-05-20,22.85,0.0,1.71,1.32,468289.0,彰化彰濱光電,99999.1
2331,2023-05-21,26.3,0.05,9.21,5.04,464721.0,彰化彰濱光電,99999.1
2332,2023-05-22,20.1,6.2,15.76,5.16,373592.0,彰化彰濱光電,99999.1
2333,2023-05-23,16.2,9.35,15.84,0.0,395127.0,彰化彰濱光電,99999.1
2334,2023-05-24,14.6,1.05,10.24,5.56,335415.0,彰化彰濱光電,99999.1
2335,2023-05-25,20.9,5.0,17.24,6.38,482374.0,彰化彰濱光電,99999.1
2336,2023-05-26,27.05,8.45,24.76,9.75,482584.0,彰化彰濱光電,99999.1
2337,2023-05-27,27.05,5.8,20.51,8.12,528209.0,彰化彰濱光電,99999.1
2338,2023-05-28,24.4,1.0,13.8,7.76,547263.0,彰化彰濱光電,99999.1
2339,2023-05-29,21.5,0.25,5.82,3.96,504036.0,彰化彰濱光電,99999.1
2340,2023-05-30,16.5,0.8,7.08,3.57,548298.0,彰化彰濱光電,99999.1
2341,2023-05-31,19.8,5.65,14.16,7.22,344992.0,彰化彰濱光電,99999.1
2342,2023-06-01,21.2,6.7,20.84,9.4,424760.0,彰化彰濱光電,99999.1
2343,2023-06-02,25.2,7.0,21.9,8.91,387101.0,彰化彰濱光電,99999.1
2344,2023-06-03,27.0,6.85,21.35,9.74,350295.0,彰化彰濱光電,99999.1
2345,2023-06-04,26.55,7.9,21.98,10.02,448608.0,彰化彰濱光電,99999.1
2346,2023-06-05,23.1,5.5,14.42,5.88,533231.0,彰化彰濱光電,99999.1
2347,2023-06-06,17.1,1.25,7.48,3.94,533003.0,彰化彰濱光電,99999.1
2348,2023-06-07,11.2,10.05,19.23,7.15,527303.0,彰化彰濱光電,99999.1
2349,2023-06-08,21.7,3.2,14.82,6.83,403474.0,彰化彰濱光電,99999.1
2350,2023-06-09,40.55,8.55,28.74,13.76,274343.0,彰化彰濱光電,99999.1
2351,2023-06-10,28.15,6.75,22.88,10.41,369843.0,彰化彰濱光電,99999.1
2352,2023-06-11,40.0,5.7,21.5,12.52,217245.0,彰化彰濱光電,99999.1
2353,2023-06-12,33.25,7.25,20.48,9.26,316886.0,彰化彰濱光電,99999.1
2354,2023-06-13,14.6,0.0,4.52,2.22,430620.0,彰化彰濱光電,99999.1
2355,2023-06-14,23.35,12.45,22.86,10.18,236414.0,彰化彰濱光電,99999.1
2356,2023-06-15,37.0,11.9,28.42,12.06,177319.0,彰化彰濱光電,99999.1
2357,2023-06-16,36.85,0.1,11.1,8.36,240681.0,彰化彰濱光電,99999.1
2358,2023-06-17,37.85,1.4,14.16,7.36,322254.0,彰化彰濱光電,99999.1
2359,2023-06-18,40.15,5.25,21.74,11.18,500048.0,彰化彰濱光電,99999.1
2360,2023-06-19,34.1,14.35,27.37,11.42,535467.0,彰化彰濱光電,99999.1
2361,2023-06-20,23.35,8.85,20.93,8.64,533002.0,彰化彰濱光電,99999.1
2362,2023-06-21,21.4,6.8,19.51,10.35,504837.0,彰化彰濱光電,99999.1
2363,2023-06-22,34.0,8.75,28.04,14.78,517726.0,彰化彰濱光電,99999.1
2364,2023-06-23,38.25,5.55,23.06,13.12,483107.0,彰化彰濱光電,99999.1
2365,2023-06-24,26.6,5.65,19.2,12.02,522629.0,彰化彰濱光電,99999.1
2366,2023-06-25,41.0,7.6,25.86,14.21,532271.0,彰化彰濱光電,99999.1
2367,2023-06-26,33.5,0.1,8.38,7.34,556421.0,彰化彰濱光電,99999.1
2368,2023-06-27,26.2,8.2,19.68,9.64,542660.0,彰化彰濱光電,99999.1
2369,2023-06-28,21.1,15.05,27.6,11.02,329200.0,彰化彰濱光電,99999.1
2370,2023-06-29,28.55,0.4,5.44,2.58,479331.0,彰化彰濱光電,99999.1
2371,2023-06-30,40.3,5.0,24.37,13.08,397096.0,彰化彰濱光電,99999.1
